IMAGE,CLASS,CONDITION,JOD,SCORE
Overall\122_Indoor_Scene_1.tiff,1,Indoor,-4.117761619686865,0.6645564902573824
Overall\182_Indoor_Scene_1.jpg,1,Indoor,-3.5458824967788813,1.072561003267765
Overall\157_Indoor_Scene_1.jpg,1,Indoor,-2.659193993307919,1.0510440021753311
Overall\185_Indoor_Scene_1.jpg,1,Indoor,-2.682380000373937,0.3075786903500557
Overall\178_Indoor_Scene_1.jpg,1,Indoor,-2.7888581549056326,0.24290543049573898
Overall\75_Indoor_Scene_1.JPG,1,Indoor,-2.518749502590812,1.2830241024494171
Overall\144_Indoor_Scene_1.jpg,1,Indoor,-2.4071668360389578,1.047487124800682
Overall\193_Indoor_Scene_1.jpg,1,Indoor,-2.366579484502745,1.5748391896486282
Overall\124_Indoor_Scene_1.jpg,1,Indoor,-2.1602701631657446,1.2883958965539932
Overall\101_Indoor_Scene_1.jpg,1,Indoor,-2.153814946397812,0.8884577676653862
Overall\118_Indoor_Scene_1.jpg,1,Indoor,-1.7107874454709304,1.0683816447854042
Overall\81_Indoor_Scene_1.tif,1,Indoor,-1.5897617023711743,0.9732894897460938
Overall\166_Indoor_Scene_1.jpg,1,Indoor,-1.4246862881736675,1.0113859847187996
Overall\152_Indoor_Scene_1.jpg,1,Indoor,-1.3850339982150437,1.690741091966629
Overall\130_Indoor_Scene_1.JPG,1,Indoor,-1.3904385666873946,1.2910411804914474
Overall\184_Indoor_Scene_1.jpg,1,Indoor,-1.5004256028098293,1.1916555166244507
Overall\154_Indoor_Scene_1.jpg,1,Indoor,-1.503315670341976,1.0577865839004517
Overall\163_Indoor_Scene_1.jpg,1,Indoor,-1.1637823124558908,1.3867876678705215
Overall\153_Indoor_Scene_1.jpg,1,Indoor,-1.1754094411566616,1.4288361370563507
Overall\82_Indoor_Scene_1.jpg,1,Indoor,-1.1296595660652111,1.0488573536276817
Overall\107_Indoor_Scene_1.jpg,1,Indoor,-1.0041809082220028,1.258443407714367
Overall\88_Indoor_Scene_1.JPG,1,Indoor,-1.0717784274506816,1.56982783973217
Overall\127_Indoor_Scene_1.jpg,1,Indoor,-1.1117927272504788,1.46671162545681
Overall\167_Indoor_Scene_1.jpg,1,Indoor,-0.9522465304880204,1.321516826748848
Overall\151_Indoor_Scene_1.jpg,1,Indoor,-0.9465781436607524,1.6632555276155472
Overall\84_Indoor_Scene_1.jpg,1,Indoor,-0.9002341354353284,1.2986072897911072
Overall\120_Indoor_Scene_1.jpg,1,Indoor,-0.906395435689147,0.981008417904377
Overall\143_Indoor_Scene_1.jpg,1,Indoor,-0.8594662118093195,1.2778123021125793
Overall\89_Indoor_Scene_1.JPG,1,Indoor,-0.9072893329702676,1.5929957926273346
Overall\147_Indoor_Scene_1.jpg,1,Indoor,-0.8112711682489814,1.8693741261959076
Overall\187_Indoor_Scene_1.jpg,1,Indoor,-0.8066468581189997,1.4065891802310944
Overall\83_Indoor_Scene_1.jpeg,1,Indoor,-0.878285770478245,1.3098465949296951
Overall\79_Indoor_Scene_1.jpg,1,Indoor,-0.7598568838171723,1.2940937727689743
Overall\164_Indoor_Scene_1.jpg,1,Indoor,-0.8310245782854404,1.3606989085674286
Overall\108_Indoor_Scene_1.jpg,1,Indoor,-0.7167522146648724,1.118383340537548
Overall\128_Indoor_Scene_1.jpeg,1,Indoor,-0.6038673417806706,1.4375603199005127
Overall\183_Indoor_Scene_1.jpg,1,Indoor,-0.6694022522183057,1.028361015021801
Overall\76_Indoor_Scene_1.jpg,1,Indoor,-0.616091090470592,1.5738222897052765
Overall\162_Indoor_Scene_1.jpg,1,Indoor,-0.4742469351580036,1.4349225908517838
Overall\192_Indoor_Scene_1.jpg,1,Indoor,-0.5281684414123081,1.3845167607069016
Overall\191_Indoor_Scene_1.jpg,1,Indoor,-0.5037878078029456,1.292009711265564
Overall\169_Indoor_Scene_1.jpg,1,Indoor,-0.5920553556753007,1.4043603390455246
Overall\159_Indoor_Scene_1.jpg,1,Indoor,-0.5236017928423589,1.412562444806099
Overall\123_Indoor_Scene_1.jpg,1,Indoor,-0.4914415229956757,1.5546107590198517
Overall\111_Indoor_Scene_1.jpg,1,Indoor,-0.4274562819153518,1.6938287019729614
Overall\148_Indoor_Scene_1.jpg,1,Indoor,-0.5387998395695285,1.5159179717302322
Overall\180_Indoor_Scene_1.jpg,1,Indoor,-0.414195282074066,1.4304634779691696
Overall\99_Indoor_Scene_1.JPG,1,Indoor,-0.4114653208438312,1.495762050151825
Overall\156_Indoor_Scene_1.jpg,1,Indoor,-0.307425176854769,1.1867944598197937
Overall\158_Indoor_Scene_1.jpg,1,Indoor,-0.3396130939680412,1.2873716950416565
Overall\146_Indoor_Scene_1.jpg,1,Indoor,-0.3503266960124828,1.7996549606323242
Overall\190_Indoor_Scene_1.jpg,1,Indoor,-0.365006414807141,1.401522383093834
Overall\177_Indoor_Scene_1.jpg,1,Indoor,-0.3213020311989559,1.3318502008914948
Overall\142_Indoor_Scene_1.jpg,1,Indoor,-0.2716451292418096,1.455043688416481
Overall\173_Indoor_Scene_1.jpg,1,Indoor,-0.260815206858908,1.2590302228927612
Overall\106_Indoor_Scene_1.jpg,1,Indoor,-0.2013485219051167,1.0451452136039734
Overall\117_Indoor_Scene_1.jpg,1,Indoor,-0.0643628481048578,1.3413998484611511
Overall\97_Indoor_Scene_1.jpg,1,Indoor,-0.3639499707549203,1.4388287365436554
Overall\121_Indoor_Scene_1.jpg,1,Indoor,-0.2106646146207185,1.1109613552689552
Overall\116_Indoor_Scene_1.jpg,1,Indoor,0.0199956291464491,1.8708300292491913
Overall\179_Indoor_Scene_1.jpg,1,Indoor,-0.1486849942911519,1.2149951308965683
Overall\176_Indoor_Scene_1.jpg,1,Indoor,-0.0715670540241713,1.0919211879372597
Overall\186_Indoor_Scene_1.jpg,1,Indoor,-0.0895133088414782,1.5359349101781845
Overall\194_Indoor_Scene_1.jpg,1,Indoor,-0.101725712802754,1.4067375212907791
Overall\140_Indoor_Scene_1.tiff,1,Indoor,0.0053669765114029,1.5449993312358856
Overall\165_Indoor_Scene_1.jpg,1,Indoor,0.0227410922647619,1.5777008086442947
Overall\86_Indoor_Scene_1.jpeg,1,Indoor,-0.0015924095627038,1.843512088060379
Overall\195_Indoor_Scene_1.jpg,1,Indoor,0.0400197268985248,1.4324893057346344
Overall\110_Indoor_Scene_1.jpg,1,Indoor,0.0946246576828552,1.5035815834999084
Overall\175_Indoor_Scene_1.jpg,1,Indoor,0.1749030193831397,1.7359784841537476
Overall\78_Indoor_Scene_1.jpg,1,Indoor,0.3580144204652511,1.5628326535224915
Overall\103_Indoor_Scene_1.jpg,1,Indoor,0.1482824955698443,1.6839965879917145
Overall\85_Indoor_Scene_1.jpg,1,Indoor,0.1606969588125714,1.6226046234369278
Overall\100_Indoor_Scene_1.jpg,1,Indoor,0.192099817134127,1.34792822599411
Overall\72_Indoor_Scene_1.jpg,1,Indoor,0.2031470828216723,1.3614092469215393
Overall\109_Indoor_Scene_1.JPG,1,Indoor,0.3300555360822383,1.7168968319892883
Overall\80_Indoor_Scene_1.jpg,1,Indoor,0.2750336983622866,1.3872090131044388
Overall\181_Indoor_Scene_1.jpg,1,Indoor,0.3435600718985067,1.655113935470581
Overall\149_Indoor_Scene_1.jpg,1,Indoor,0.4494705608755223,1.6622275412082672
Overall\112_Indoor_Scene_1.jpg,1,Indoor,0.3638743287853838,1.8599580228328705
Overall\172_Indoor_Scene_1.jpg,1,Indoor,0.3304833472132288,1.6777715981006622
Overall\92_Indoor_Scene_1.jpg,1,Indoor,0.575196888830365,1.6311487555503845
Overall\170_Indoor_Scene_1.jpg,1,Indoor,0.578820437057139,1.3531111478805542
Overall\125_Indoor_Scene_1.jpg,1,Indoor,0.6936389133331259,1.882283329963684
Overall\138_Indoor_Scene_1.JPG,1,Indoor,0.5183397362883877,1.440580114722252
Overall\87_Indoor_Scene_1.JPG,1,Indoor,0.6039305559387244,1.6584111154079437
Overall\155_Indoor_Scene_1.jpg,1,Indoor,0.5817460326476371,1.740248680114746
Overall\189_Indoor_Scene_1.jpg,1,Indoor,0.672523296557675,1.2173406034708023
Overall\102_Indoor_Scene_1.jpg,1,Indoor,0.6750078380287464,1.5216119438409805
Overall\137_Indoor_Scene_1.jpg,1,Indoor,0.6260701275400263,1.78286674618721
Overall\139_Indoor_Scene_1.JPG,1,Indoor,0.6613735048870214,1.8443145751953125
Overall\160_Indoor_Scene_1.jpg,1,Indoor,0.7008602406904226,1.2595378458499908
Overall\74_Indoor_Scene_1.JPG,1,Indoor,0.7785677074556888,1.3708850890398026
Overall\77_Indoor_Scene_1.jpg,1,Indoor,0.7395921787912484,1.6383019387722015
Overall\145_Indoor_Scene_1.jpg,1,Indoor,0.8030527601262213,1.8424988985061646
Overall\171_Indoor_Scene_1.jpg,1,Indoor,0.7864997650260878,1.740875095129013
Overall\98_Indoor_Scene_1.jpg,1,Indoor,0.7909532949259886,1.228634461760521
Overall\95_Indoor_Scene_1.jpg,1,Indoor,0.8086259292555124,1.641623467206955
Overall\73_Indoor_Scene_1.jpg,1,Indoor,1.201477353949642,1.699046552181244
Overall\134_Indoor_Scene_1.jpg,1,Indoor,1.0782386027694082,1.9239504635334015
Overall\174_Indoor_Scene_1.jpg,1,Indoor,1.1650058043896478,1.8951425850391388
Overall\132_Indoor_Scene_1.jpg,1,Indoor,1.1463896627707373,1.7442594170570374
Overall\115_Indoor_Scene_1.jpg,1,Indoor,1.217104586606876,1.7171685099601746
Overall\119_Indoor_Scene_1.jpg,1,Indoor,1.26019820909948,1.5383975803852081
Overall\188_Indoor_Scene_1.jpg,1,Indoor,1.2297461545935382,1.754966139793396
Overall\94_Indoor_Scene_1.jpg,1,Indoor,1.2501675095520195,1.8652585744857788
Overall\96_Indoor_Scene_1.jpg,1,Indoor,1.2727509830879855,1.8335670232772827
Overall\133_Indoor_Scene_1.jpg,1,Indoor,1.3248132034682485,2.1259125769138336
Overall\168_Indoor_Scene_1.jpg,1,Indoor,1.4050079397282047,1.5281464457511902
Overall\91_Indoor_Scene_1.jpg,1,Indoor,1.4199070029073455,1.7266222536563873
Overall\141_Indoor_Scene_1.JPG,1,Indoor,1.7143597133538642,2.0156494081020355
Overall\161_Indoor_Scene_1.jpg,1,Indoor,1.663226952331934,1.5657674372196198
Overall\104_Indoor_Scene_1.jpg,1,Indoor,1.7669891674641942,1.6740749180316925
Overall\90_Indoor_Scene_1.jpg,1,Indoor,1.564789524481077,1.7810003459453583
Overall\150_Indoor_Scene_1.jpg,1,Indoor,1.7030968403009896,1.9353883862495422
Overall\114_Indoor_Scene_1.jpg,1,Indoor,1.9315589499229755,2.0141089856624603
Overall\105_Indoor_Scene_1.jpg,1,Indoor,2.129411157897372,1.6522696018218994
Overall\136_Indoor_Scene_1.jpg,1,Indoor,2.3044018350642137,1.8173557817935944
Overall\126_Indoor_Scene_1.jpg,1,Indoor,2.324035190799342,1.586561992764473
Overall\131_Indoor_Scene_1.jpg,1,Indoor,2.442586777232967,1.6699354648590088
Overall\135_Indoor_Scene_1.jpg,1,Indoor,3.282364130619549,1.7516866028308868
Overall\93_Indoor_Scene_1.jpg,1,Indoor,3.564145616096753,1.7305758893489838
Overall\113_Indoor_Scene_1.jpg,1,Indoor,4.140722915518864,1.9956937730312347
Overall\129_Indoor_Scene_1.jpg,1,Indoor,4.492215155400703,2.1973781883716583
Overall\455_Indoor_Scene_5.jpg,5,Indoor,-3.256930219942391,1.3088590800762177
Overall\484_Indoor_Scene_5.jpg,5,Indoor,-2.7969694632031934,1.7072986960411072
Overall\454_Indoor_Scene_5.jpg,5,Indoor,-2.822622805871526,0.7489813938736916
Overall\481_Indoor_Scene_5.jpg,5,Indoor,-1.8075850601271453,1.674671471118927
Overall\483_Indoor_Scene_5.jpg,5,Indoor,-1.5506180814970183,1.611389696598053
Overall\485_Indoor_Scene_5.jpg,5,Indoor,-1.3245010591130286,1.4966200143098831
Overall\477_Indoor_Scene_5.jpg,5,Indoor,-1.287898819294692,1.6497216820716858
Overall\497_Indoor_Scene_5.jpg,5,Indoor,-1.2257972284939287,1.6056199371814728
Overall\494_Indoor_Scene_5.jpg,5,Indoor,-1.1663016235838748,0.9724323898553848
Overall\495_Indoor_Scene_5.jpg,5,Indoor,-1.0763300758472074,1.8597997725009918
Overall\498_Indoor_Scene_5.jpg,5,Indoor,-1.0720714705683771,1.8188319206237793
Overall\462_Indoor_Scene_5.jpg,5,Indoor,-0.9871963414938691,2.020966351032257
Overall\479_Indoor_Scene_5.jpg,5,Indoor,-0.9508083933818852,1.7164589166641235
Overall\453_Indoor_Scene_5.jpg,5,Indoor,-0.8626291624175171,1.739943653345108
Overall\492_Indoor_Scene_5.jpg,5,Indoor,-0.9660011832038302,1.8424857258796692
Overall\478_Indoor_Scene_5.jpg,5,Indoor,-0.7596974184376688,1.839146614074707
Overall\469_Indoor_Scene_5.tiff,5,Indoor,-0.5433171631493643,1.8787975013256073
Overall\460_Indoor_Scene_5.jpg,5,Indoor,-0.4361116282278375,2.103645145893097
Overall\480_Indoor_Scene_5.jpg,5,Indoor,-0.4541864013406823,1.929915428161621
Overall\476_Indoor_Scene_5.jpg,5,Indoor,-0.3977298867182094,1.8190712928771973
Overall\489_Indoor_Scene_5.JPG,5,Indoor,-0.2926107874926616,2.049731135368347
Overall\452_Indoor_Scene_5.jpg,5,Indoor,-0.1422401143172199,2.001538634300232
Overall\451_Indoor_Scene_5.jpg,5,Indoor,-0.1507571941945622,1.8711172342300415
Overall\473_Indoor_Scene_5.tiff,5,Indoor,0.0211595259311266,1.942274272441864
Overall\459_Indoor_Scene_5.JPG,5,Indoor,0.0166737781328021,2.3762832283973694
Overall\474_Indoor_Scene_5.jpg,5,Indoor,0.0090526979907851,2.358287513256073
Overall\461_Indoor_Scene_5.jpg,5,Indoor,-0.0113776262440637,2.041350245475769
Overall\450_Indoor_Scene_5.jpg,5,Indoor,0.0702274462376137,1.7565448880195618
Overall\493_Indoor_Scene_5.jpg,5,Indoor,0.1111982205115541,2.0600154995918274
Overall\472_Indoor_Scene_5.tiff,5,Indoor,0.2004256598920995,2.077143132686615
Overall\458_Indoor_Scene_5.JPG,5,Indoor,0.2432259051204255,2.299727976322174
Overall\464_Indoor_Scene_5.jpg,5,Indoor,0.2305868070916322,2.0234987139701843
Overall\487_Indoor_Scene_5.jpg,5,Indoor,0.2763392235274475,2.333015501499176
Overall\488_Indoor_Scene_5.JPG,5,Indoor,0.3340913601629412,1.9547262489795685
Overall\499_Indoor_Scene_5.jpg,5,Indoor,0.4858226896926045,2.3386045694351196
Overall\465_Indoor_Scene_5.jpg,5,Indoor,0.5877604765638762,2.000491142272949
Overall\490_Indoor_Scene_5.jpg,5,Indoor,0.811316658242256,2.5220951437950134
Overall\463_Indoor_Scene_5.jpg,5,Indoor,0.8635473555909359,2.4876946806907654
Overall\468_Indoor_Scene_5.tiff,5,Indoor,0.8955815169270152,2.063033401966095
Overall\486_Indoor_Scene_5.jpg,5,Indoor,1.115877798823986,2.2474350929260254
Overall\482_Indoor_Scene_5.jpg,5,Indoor,1.1376503881073146,2.212157905101776
Overall\471_Indoor_Scene_5.jpg,5,Indoor,1.280049795994206,2.465389907360077
Overall\470_Indoor_Scene_5.jpg,5,Indoor,1.7549220030423949,2.4881505966186523
Overall\467_Indoor_Scene_5.jpg,5,Indoor,1.8678172529604824,2.428433358669281
Overall\457_Indoor_Scene_5.JPG,5,Indoor,1.8742657177876063,2.433730363845825
Overall\496_Indoor_Scene_5.jpg,5,Indoor,2.1059332863217834,2.364214301109314
Overall\475_Indoor_Scene_5.jpg,5,Indoor,2.216238189511585,2.6357316970825195
Overall\466_Indoor_Scene_5.jpg,5,Indoor,2.3415009645134,2.4208457469940186
Overall\491_Indoor_Scene_5.jpg,5,Indoor,2.4843208293175616,2.5673846006393433
Overall\456_Indoor_Scene_5.JPG,5,Indoor,3.0067036601663166,2.5642492175102234
Overall\1001_Indoor_Scene_10.jpg,10,Indoor,-4.971275815024356,-1.473799705505371
Overall\1083_Indoor_Scene_10.jpg,10,Indoor,-3.8124724534667074,-1.302617222070694
Overall\1000_Indoor_Scene_10.jpg,10,Indoor,-3.7292122538977672,-1.2870810627937317
Overall\1101_Indoor_Scene_10.JPG,10,Indoor,-3.544407828006029,-0.8352051377296448
Overall\1095_Indoor_Scene_10.jpg,10,Indoor,-3.59402137380812,-0.8072191178798676
Overall\1009_Indoor_Scene_10.jpg,10,Indoor,-3.412282250065908,-1.1729159951210022
Overall\1075_Indoor_Scene_10.jpg,10,Indoor,-3.1882565482785457,-0.5184061229228973
Overall\987_Indoor_Scene_10.jpg,10,Indoor,-3.142971809153995,-0.7896392047405243
Overall\1033_Indoor_Scene_10.jpg,10,Indoor,-2.636734656845229,-1.0705910921096802
Overall\1088_Indoor_Scene_10.jpg,10,Indoor,-2.595041344277288,-0.8188613653182983
Overall\985_Indoor_Scene_10.JPG,10,Indoor,-1.5593707734328586,0.3357824310660362
Overall\1082_Indoor_Scene_10.jpg,10,Indoor,-1.7785359323240124,0.7446244731545448
Overall\1099_Indoor_Scene_10.jpg,10,Indoor,-1.8415583699839988,0.14719194173812866
Overall\1100_Indoor_Scene_10.jpg,10,Indoor,-1.6137994303693857,-0.07108603976666927
Overall\1108_Indoor_Scene_10.jpg,10,Indoor,-1.3770202389080373,-0.12737909145653248
Overall\1076_Indoor_Scene_10.jpg,10,Indoor,-1.3942523907244575,-0.2509095147252083
Overall\1107_Indoor_Scene_10.jpg,10,Indoor,-1.2502419830633162,0.5435203090310097
Overall\1096_Indoor_Scene_10.jpg,10,Indoor,-1.2274043017522172,0.3557636421173811
Overall\1002_Indoor_Scene_10.jpg,10,Indoor,-1.201451622695367,0.4857272356748581
Overall\1093_Indoor_Scene_10.jpg,10,Indoor,-1.0849780698870604,0.5721287503838539
Overall\1090_Indoor_Scene_10.JPG,10,Indoor,-0.9870899241668954,0.31312532839365304
Overall\1068_Indoor_Scene_10.jpg,10,Indoor,-0.9559527966447344,0.727933757007122
Overall\1015_Indoor_Scene_10.jpg,10,Indoor,-0.926017112512148,0.566934697329998
Overall\1061_Indoor_Scene_10.JPG,10,Indoor,-0.9443208641740376,0.3457203507423401
Overall\1030_Indoor_Scene_10.jpg,10,Indoor,-0.8667427770294404,0.9283568412065506
Overall\1034_Indoor_Scene_10.jpg,10,Indoor,-0.8957514139522352,0.7697300612926483
Overall\1079_Indoor_Scene_10.jpg,10,Indoor,-0.8048843407341257,0.5087640210986137
Overall\999_Indoor_Scene_10.JPG,10,Indoor,-0.7573418360625382,0.76808051019907
Overall\1071_Indoor_Scene_10.jpg,10,Indoor,-0.7868096780789554,0.6744761541485786
Overall\1004_Indoor_Scene_10.jpg,10,Indoor,-0.7030261976072205,0.5159041807055473
Overall\1087_Indoor_Scene_10.jpg,10,Indoor,-0.7429624839128067,0.6076627150177956
Overall\1039_Indoor_Scene_10.jpg,10,Indoor,-0.6092741582109326,0.8359925299882889
Overall\1103_Indoor_Scene_10.jpg,10,Indoor,-0.429546827012556,1.170692652463913
Overall\991_Indoor_Scene_10.jpg,10,Indoor,-0.7311285518393416,0.7125892713665962
Overall\1048_Indoor_Scene_10.jpg,10,Indoor,-0.5891853662002463,1.2365219295024872
Overall\1066_Indoor_Scene_10.jpg,10,Indoor,-0.5242385095579861,0.8734634071588516
Overall\1023_Indoor_Scene_10.jpg,10,Indoor,-0.4779103382295326,1.353568196296692
Overall\1078_Indoor_Scene_10.jpg,10,Indoor,-0.4196372569053643,1.045177936553955
Overall\988_Indoor_Scene_10.jpg,10,Indoor,-0.3857579792805073,0.9202571958303452
Overall\1016_Indoor_Scene_10.jpg,10,Indoor,-0.3117091550672929,0.7657565027475357
Overall\1060_Indoor_Scene_10.jpg,10,Indoor,-0.3689859284533547,1.1842864453792572
Overall\1097_Indoor_Scene_10.jpg,10,Indoor,-0.2961494700680874,0.47275858372449875
Overall\1012_Indoor_Scene_10.jpg,10,Indoor,-0.2762762653551625,0.7943889051675797
Overall\992_Indoor_Scene_10.jpg,10,Indoor,-0.2920377842460047,0.9036077409982681
Overall\1094_Indoor_Scene_10.jpg,10,Indoor,-0.1862960760791907,0.8921320885419846
Overall\1013_Indoor_Scene_10.JPG,10,Indoor,-0.1714982831908218,1.1634419560432434
Overall\1029_Indoor_Scene_10.jpg,10,Indoor,-0.2535391155423663,1.1555417627096176
Overall\1073_Indoor_Scene_10.jpg,10,Indoor,-0.2164691839797306,1.352710634469986
Overall\1092_Indoor_Scene_10.jpg,10,Indoor,-0.2279402001218364,0.9432474970817566
Overall\1032_Indoor_Scene_10.jpg,10,Indoor,-0.2634662165508489,0.6022849828004837
Overall\1055_Indoor_Scene_10.jpg,10,Indoor,-0.2262313790629709,0.8271921873092651
Overall\1085_Indoor_Scene_10.jpg,10,Indoor,-0.1776245976030212,0.6093163192272186
Overall\1031_Indoor_Scene_10.jpg,10,Indoor,-0.1450371373046406,1.1505889147520065
Overall\998_Indoor_Scene_10.JPG,10,Indoor,-0.1391531500906072,1.0826111286878586
Overall\1044_Indoor_Scene_10.jpg,10,Indoor,-0.1562298738488462,1.3004322052001953
Overall\1074_Indoor_Scene_10.JPG,10,Indoor,-0.1137350101481473,1.082240641117096
Overall\1050_Indoor_Scene_10.jpg,10,Indoor,-0.1081890552480192,1.0013881027698517
Overall\1051_Indoor_Scene_10.jpg,10,Indoor,-0.0705859479353517,0.9532149583101273
Overall\1059_Indoor_Scene_10.jpg,10,Indoor,-0.1215424555347899,1.0628128200769424
Overall\1089_Indoor_Scene_10.jpg,10,Indoor,0.0291114884624786,0.9492992460727692
Overall\1091_Indoor_Scene_10.jpg,10,Indoor,0.0478467972964166,1.0260116457939148
Overall\1063_Indoor_Scene_10.jpg,10,Indoor,0.0767931850435821,1.113655000925064
Overall\989_Indoor_Scene_10.jpg,10,Indoor,0.0869858576487147,1.1392290890216827
Overall\1018_Indoor_Scene_10.jpg,10,Indoor,0.2464799299478848,1.4102530777454376
Overall\1054_Indoor_Scene_10.JPG,10,Indoor,0.2068985288072452,0.8619832247495651
Overall\1008_Indoor_Scene_10.jpg,10,Indoor,0.2506978483391689,1.3094770014286041
Overall\1070_Indoor_Scene_10.jpg,10,Indoor,0.4035568858818108,1.547216773033142
Overall\1038_Indoor_Scene_10.JPG,10,Indoor,0.2755282907777684,1.6205069720745087
Overall\1022_Indoor_Scene_10.jpg,10,Indoor,0.4785859711178641,1.7708158493041992
Overall\1042_Indoor_Scene_10.jpg,10,Indoor,0.3331527280812106,1.4724386632442474
Overall\1019_Indoor_Scene_10.jpg,10,Indoor,0.2393029832238283,1.3816716074943542
Overall\1069_Indoor_Scene_10.jpg,10,Indoor,0.331356017969689,1.5340722501277924
Overall\1049_Indoor_Scene_10.jpg,10,Indoor,0.4621583997678138,1.4045425355434418
Overall\1056_Indoor_Scene_10.JPG,10,Indoor,0.393372110345484,1.1573731452226639
Overall\1006_Indoor_Scene_10.jpg,10,Indoor,0.4108413871266327,1.1800853610038757
Overall\986_Indoor_Scene_10.jpg,10,Indoor,0.4701843636940271,1.3736431002616882
Overall\1040_Indoor_Scene_10.jpg,10,Indoor,0.5230154038929192,1.46967414021492
Overall\1017_Indoor_Scene_10.jpg,10,Indoor,0.4824639930256794,1.5991592705249786
Overall\1047_Indoor_Scene_10.jpg,10,Indoor,0.5855333144182063,1.6790578067302704
Overall\1086_Indoor_Scene_10.jpg,10,Indoor,0.5992345719301163,1.5778232514858246
Overall\1109_Indoor_Scene_10.jpg,10,Indoor,0.6580165699549803,1.7750150263309479
Overall\995_Indoor_Scene_10.jpg,10,Indoor,0.5678967536579541,1.7130602300167084
Overall\1067_Indoor_Scene_10.jpg,10,Indoor,0.6771885872187187,1.689157247543335
Overall\1043_Indoor_Scene_10.jpg,10,Indoor,0.4610133541821374,1.2822984755039215
Overall\1084_Indoor_Scene_10.jpg,10,Indoor,0.7368871584187489,1.4704433679580688
Overall\1035_Indoor_Scene_10.jpg,10,Indoor,0.7430044563365855,1.3598975241184235
Overall\990_Indoor_Scene_10.jpg,10,Indoor,0.9037223320932274,1.5922194421291351
Overall\1058_Indoor_Scene_10.jpg,10,Indoor,0.7612750855170932,1.7164127826690674
Overall\1062_Indoor_Scene_10.jpg,10,Indoor,0.8031426307942288,1.2968400716781616
Overall\996_Indoor_Scene_10.jpg,10,Indoor,0.8357470537156847,1.1235567331314087
Overall\1104_Indoor_Scene_10.jpg,10,Indoor,0.7408908534716835,1.128146231174469
Overall\1005_Indoor_Scene_10.jpg,10,Indoor,0.8564875652947523,1.6635765135288239
Overall\1080_Indoor_Scene_10.jpg,10,Indoor,0.872927611520625,1.6151556074619293
Overall\1102_Indoor_Scene_10.jpg,10,Indoor,0.9225615155314332,1.548933058977127
Overall\1052_Indoor_Scene_10.jpg,10,Indoor,0.9350383440248388,1.6517306864261627
Overall\1098_Indoor_Scene_10.jpg,10,Indoor,1.0627090032305555,1.8625785112380981
Overall\1045_Indoor_Scene_10.jpg,10,Indoor,1.0380279796989331,1.7724754810333252
Overall\1014_Indoor_Scene_10.jpg,10,Indoor,1.0834421068084703,1.733335256576538
Overall\1010_Indoor_Scene_10.jpg,10,Indoor,1.0497070796958423,1.602115958929062
Overall\1053_Indoor_Scene_10.jpg,10,Indoor,1.145874958599358,1.4032392501831055
Overall\1064_Indoor_Scene_10.jpg,10,Indoor,1.1808645286991413,1.6704832315444946
Overall\1106_Indoor_Scene_10.jpg,10,Indoor,1.4022402667235128,1.8315283358097076
Overall\1024_Indoor_Scene_10.jpg,10,Indoor,1.2849064944574653,1.9319950342178345
Overall\1105_Indoor_Scene_10.jpg,10,Indoor,1.2833410426665646,1.3740784227848053
Overall\1021_Indoor_Scene_10.jpg,10,Indoor,1.344138007711411,1.979455590248108
Overall\1026_Indoor_Scene_10.jpg,10,Indoor,1.2223160938909734,1.9038384556770325
Overall\1037_Indoor_Scene_10.jpg,10,Indoor,1.3000531922158611,1.6710029244422913
Overall\1025_Indoor_Scene_10.jpg,10,Indoor,1.3264482710534848,1.8083739280700684
Overall\1065_Indoor_Scene_10.jpg,10,Indoor,1.4786654514476598,1.744979441165924
Overall\994_Indoor_Scene_10.JPG,10,Indoor,1.3894154612500038,1.6796621978282928
Overall\1003_Indoor_Scene_10.jpg,10,Indoor,1.5668313188427812,1.7477911114692688
Overall\1020_Indoor_Scene_10.jpg,10,Indoor,1.5040040937305206,1.8500317633152008
Overall\1046_Indoor_Scene_10.jpg,10,Indoor,1.6641236606263656,1.907648503780365
Overall\1007_Indoor_Scene_10.jpg,10,Indoor,1.6485257738504706,1.883996844291687
Overall\997_Indoor_Scene_10.jpg,10,Indoor,1.7002032108099088,1.7572436332702637
Overall\1041_Indoor_Scene_10.jpg,10,Indoor,1.5346587723431733,1.3203466534614563
Overall\1057_Indoor_Scene_10.jpg,10,Indoor,1.7603943097137518,1.665520578622818
Overall\1077_Indoor_Scene_10.jpg,10,Indoor,1.8401919876883053,2.173058569431305
Overall\1081_Indoor_Scene_10.jpg,10,Indoor,2.017467217086895,1.8126915097236633
Overall\1027_Indoor_Scene_10.jpg,10,Indoor,2.132049483008108,2.16120046377182
Overall\1011_Indoor_Scene_10.jpg,10,Indoor,2.2557021680944613,1.7213162779808044
Overall\1036_Indoor_Scene_10.jpg,10,Indoor,2.108643387873649,2.079823911190033
Overall\1072_Indoor_Scene_10.jpg,10,Indoor,2.565434337674894,1.7636668980121613
Overall\993_Indoor_Scene_10.jpg,10,Indoor,2.0899286559816046,1.5846753418445587
Overall\1028_Indoor_Scene_10.jpg,10,Indoor,3.226355899501995,2.2431819438934326
Overall\1121_Indoor_Scene_11.jpeg,11,Indoor,-5.687482936549228,0.5065203234553337
Overall\1178_Indoor_Scene_11.JPG,11,Indoor,-4.405114517339364,0.5752161927521229
Overall\1136_Indoor_Scene_11.jpg,11,Indoor,-3.7224454366635182,1.017985537648201
Overall\1190_Indoor_Scene_11.jpg,11,Indoor,-3.093193814150601,1.378168374300003
Overall\1159_Indoor_Scene_11.JPG,11,Indoor,-2.6037936258205936,0.7092099133878946
Overall\1172_Indoor_Scene_11.jpg,11,Indoor,-1.948934925800484,1.1277939081192017
Overall\1169_Indoor_Scene_11.jpg,11,Indoor,-1.8340709912772823,1.4804092645645142
Overall\1145_Indoor_Scene_11.jpg,11,Indoor,-1.8316684373637144,1.1650037169456482
Overall\1112_Indoor_Scene_11.JPG,11,Indoor,-1.6811798851869029,1.3615725338459015
Overall\1165_Indoor_Scene_11.jpg,11,Indoor,-1.5672923382126014,1.2446994185447693
Overall\1119_Indoor_Scene_11.jpg,11,Indoor,-1.4803216238224612,1.469728022813797
Overall\1137_Indoor_Scene_11.jpg,11,Indoor,-1.38878644760931,1.201218619942665
Overall\1113_Indoor_Scene_11.JPG,11,Indoor,-1.2186591250426249,1.1851988732814789
Overall\1194_Indoor_Scene_11.jpg,11,Indoor,-1.0284302321271503,1.3188888728618622
Overall\1133_Indoor_Scene_11.jpg,11,Indoor,-0.9691215049284768,1.3053294718265533
Overall\1195_Indoor_Scene_11.jpg,11,Indoor,-0.958022314528154,1.405074656009674
Overall\1129_Indoor_Scene_11.jpg,11,Indoor,-0.9068570944589056,1.6733676493167877
Overall\1161_Indoor_Scene_11.JPG,11,Indoor,-0.8932455542052631,1.3846668004989624
Overall\1185_Indoor_Scene_11.jpg,11,Indoor,-0.7188828772261059,1.602467119693756
Overall\1114_Indoor_Scene_11.JPG,11,Indoor,-0.8655701657218645,1.2459939420223236
Overall\1191_Indoor_Scene_11.jpg,11,Indoor,-0.8783463192934428,1.7300824224948883
Overall\1183_Indoor_Scene_11.jpg,11,Indoor,-0.8011895270372353,1.6397868692874908
Overall\1173_Indoor_Scene_11.jpg,11,Indoor,-0.8349236717057236,1.5485643148422241
Overall\1181_Indoor_Scene_11.jpg,11,Indoor,-0.7546640083557622,1.4198834300041199
Overall\1130_Indoor_Scene_11.jpg,11,Indoor,-0.7111933950487803,1.6012826561927795
Overall\1131_Indoor_Scene_11.JPG,11,Indoor,-0.7183221550888828,1.762136548757553
Overall\1116_Indoor_Scene_11.jpg,11,Indoor,-0.7581077970967035,1.475039392709732
Overall\1125_Indoor_Scene_11.jpg,11,Indoor,-0.6429032731288132,1.432378202676773
Overall\1126_Indoor_Scene_11.jpg,11,Indoor,-0.6382876241806743,1.5656167268753052
Overall\1163_Indoor_Scene_11.jpg,11,Indoor,-0.5443174689524803,1.229292392730713
Overall\1143_Indoor_Scene_11.jpg,11,Indoor,-0.5265193856223639,1.7457674741744995
Overall\1160_Indoor_Scene_11.JPG,11,Indoor,-0.4603621042792085,1.6406261026859283
Overall\1196_Indoor_Scene_11.jpg,11,Indoor,-0.3245704659299983,1.4221110343933105
Overall\1120_Indoor_Scene_11.JPG,11,Indoor,-0.312436466558108,1.6755311787128448
Overall\1176_Indoor_Scene_11.jpg,11,Indoor,-0.3245900451051329,1.2245758473873138
Overall\1118_Indoor_Scene_11.jpg,11,Indoor,-0.2290817168238438,1.8394288122653961
Overall\1142_Indoor_Scene_11.jpg,11,Indoor,-0.2686436334534339,1.511409968137741
Overall\1124_Indoor_Scene_11.jpg,11,Indoor,-0.1507419099560737,1.4464726746082306
Overall\1151_Indoor_Scene_11.jpg,11,Indoor,-0.1621532988935761,1.5710669159889221
Overall\1187_Indoor_Scene_11.jpg,11,Indoor,-0.1238417959320003,1.7393482327461243
Overall\1167_Indoor_Scene_11.jpg,11,Indoor,-0.0279299620670924,1.756486862897873
Overall\1146_Indoor_Scene_11.jpg,11,Indoor,-0.0742377860133273,1.9220724701881409
Overall\1175_Indoor_Scene_11.jpg,11,Indoor,0.0507282469038134,1.5186747014522552
Overall\1171_Indoor_Scene_11.jpg,11,Indoor,0.1375185026459768,1.8217107951641083
Overall\1174_Indoor_Scene_11.jpg,11,Indoor,0.1138515437637762,1.8649498522281647
Overall\1135_Indoor_Scene_11.jpg,11,Indoor,0.1177602962514536,1.4058053940534592
Overall\1153_Indoor_Scene_11.jpg,11,Indoor,0.1930472192505136,1.44143146276474
Overall\1197_Indoor_Scene_11.jpg,11,Indoor,0.2367475806601256,1.8788866102695465
Overall\1158_Indoor_Scene_11.jpg,11,Indoor,0.2224474134375218,1.9619609415531158
Overall\1199_Indoor_Scene_11.jpg,11,Indoor,0.2469440716290802,1.7591217756271362
Overall\1128_Indoor_Scene_11.JPG,11,Indoor,0.2541628152236573,1.9388561844825745
Overall\1157_Indoor_Scene_11.jpg,11,Indoor,0.3450490017414211,1.5319365561008453
Overall\1147_Indoor_Scene_11.jpg,11,Indoor,0.3344846640331691,1.8355902135372162
Overall\1200_Indoor_Scene_11.JPG,11,Indoor,0.398169637924063,1.6644413769245148
Overall\1168_Indoor_Scene_11.jpg,11,Indoor,0.3785429641345206,2.034573197364807
Overall\1189_Indoor_Scene_11.jpg,11,Indoor,0.3707193247586567,1.353315144777298
Overall\1150_Indoor_Scene_11.jpg,11,Indoor,0.4575973764969089,2.0282849073410034
Overall\1177_Indoor_Scene_11.jpg,11,Indoor,0.4663941713527614,1.5610288679599762
Overall\1203_Indoor_Scene_11.tiff,11,Indoor,0.5287563848031868,1.7162941694259644
Overall\1138_Indoor_Scene_11.jpg,11,Indoor,0.5428896130547481,1.6228700280189514
Overall\1202_Indoor_Scene_11.jpg,11,Indoor,0.5399814929550173,1.812228262424469
Overall\1148_Indoor_Scene_11.jpg,11,Indoor,0.5341841478882081,1.828209400177002
Overall\1149_Indoor_Scene_11.JPG,11,Indoor,0.6412672486675175,1.9575297236442566
Overall\1180_Indoor_Scene_11.jpg,11,Indoor,0.6077214921203313,1.8967966437339783
Overall\1141_Indoor_Scene_11.jpg,11,Indoor,0.6186949141122794,1.6396227180957794
Overall\1156_Indoor_Scene_11.jpg,11,Indoor,0.718724168304516,1.7683934271335602
Overall\1192_Indoor_Scene_11.jpg,11,Indoor,0.7190343674175425,1.9079294204711914
Overall\1139_Indoor_Scene_11.jpg,11,Indoor,0.7104368206613436,1.7640831768512726
Overall\1152_Indoor_Scene_11.jpg,11,Indoor,0.7585695169297038,1.8666841089725494
Overall\1170_Indoor_Scene_11.jpg,11,Indoor,0.7882046433747077,1.8049056828022003
Overall\1134_Indoor_Scene_11.jpg,11,Indoor,0.9118602228742022,1.823141485452652
Overall\1123_Indoor_Scene_11.jpg,11,Indoor,0.8190771210659495,1.6110240519046783
Overall\1144_Indoor_Scene_11.jpg,11,Indoor,0.9147490791345064,1.7675792276859283
Overall\1122_Indoor_Scene_11.jpg,11,Indoor,1.0084734755347864,1.6248420774936676
Overall\1164_Indoor_Scene_11.jpg,11,Indoor,1.0043063991911685,1.9013745486736298
Overall\1184_Indoor_Scene_11.jpg,11,Indoor,1.1053629520715098,2.025975286960602
Overall\1201_Indoor_Scene_11.jpg,11,Indoor,1.1453458982087483,1.8809646666049957
Overall\1132_Indoor_Scene_11.jpg,11,Indoor,1.1763311159190653,1.6158370077610016
Overall\1117_Indoor_Scene_11.jpg,11,Indoor,1.12204263348939,1.7501778900623322
Overall\1127_Indoor_Scene_11.jpg,11,Indoor,1.326513660784559,1.9924927055835724
Overall\1193_Indoor_Scene_11.jpg,11,Indoor,1.2282700293509397,1.9383578598499298
Overall\1188_Indoor_Scene_11.jpg,11,Indoor,1.4320872710404606,1.937927007675171
Overall\1182_Indoor_Scene_11.jpg,11,Indoor,1.4776948653729178,1.9869181513786316
Overall\1186_Indoor_Scene_11.jpg,11,Indoor,1.4221061671561,1.9137263596057892
Overall\1110_Indoor_Scene_11.jpg,11,Indoor,1.4855455455662,2.0033901631832123
Overall\1166_Indoor_Scene_11.jpg,11,Indoor,1.5216127959818533,2.0022968351840973
Overall\1115_Indoor_Scene_11.jpg,11,Indoor,1.7077201122446888,1.875258982181549
Overall\1179_Indoor_Scene_11.tiff,11,Indoor,1.884817080369324,1.5523833930492401
Overall\1140_Indoor_Scene_11.jpg,11,Indoor,1.903494181838816,1.9846480190753937
Overall\1111_Indoor_Scene_11.jpg,11,Indoor,2.0865063144247253,1.8747425973415375
Overall\1154_Indoor_Scene_11.jpg,11,Indoor,2.1268092810244905,1.988898605108261
Overall\1162_Indoor_Scene_11.jpg,11,Indoor,2.4577965267250512,2.114055812358856
Overall\1198_Indoor_Scene_11.jpg,11,Indoor,2.6351073031176337,1.9472058415412903
Overall\1155_Indoor_Scene_11.tiff,11,Indoor,3.134177985573656,2.147727131843567
Overall\1624_Lowlight_Scene_16.JPG,16,Lowlight,-3.994668750526592,-0.7367389798164368
Overall\1572_Lowlight_Scene_16.jpg,16,Lowlight,-3.034704692587572,-0.2256167870364152
Overall\1599_Lowlight_Scene_16.jpg,16,Lowlight,-2.6982769328483096,-0.2677430659532547
Overall\1571_Lowlight_Scene_16.jpg,16,Lowlight,-2.570641030330717,-0.0018595606088638306
Overall\1596_Lowlight_Scene_16.jpg,16,Lowlight,-2.253129787354523,-0.007908150553703308
Overall\1641_Lowlight_Scene_16.jpg,16,Lowlight,-2.2147739866108656,0.2555273100733757
Overall\1628_Lowlight_Scene_16.jpg,16,Lowlight,-2.00815780732574,-0.32748840004205704
Overall\1592_Lowlight_Scene_16.jpg,16,Lowlight,-1.982411529719614,0.046969614923000336
Overall\1590_Lowlight_Scene_16.jpg,16,Lowlight,-1.927416711782561,-0.04176502674818039
Overall\1640_Lowlight_Scene_16.jpg,16,Lowlight,-1.7894975624909686,-0.04245779663324356
Overall\1587_Lowlight_Scene_16.jpg,16,Lowlight,-1.7141717468348905,-0.2760947570204735
Overall\1594_Lowlight_Scene_16.jpg,16,Lowlight,-1.714153743105985,0.07837747037410736
Overall\1575_Lowlight_Scene_16.jpeg,16,Lowlight,-1.7123607384103317,-0.08358209580183029
Overall\1649_Lowlight_Scene_16.jpg,16,Lowlight,-1.659940486959149,0.25880663841962814
Overall\1586_Lowlight_Scene_16.jpg,16,Lowlight,-1.5656555598893795,-0.06655500084161758
Overall\1642_Lowlight_Scene_16.jpg,16,Lowlight,-1.4968604372097072,-0.12956800311803818
Overall\1576_Lowlight_Scene_16.JPG,16,Lowlight,-1.4021980787934365,0.0381338894367218
Overall\1634_Lowlight_Scene_16.jpg,16,Lowlight,-1.275890076947535,0.13565509021282196
Overall\1585_Lowlight_Scene_16.jpg,16,Lowlight,-1.194282809127801,0.1812545210123062
Overall\1593_Lowlight_Scene_16.jpg,16,Lowlight,-1.108986231570316,0.1471719816327095
Overall\1629_Lowlight_Scene_16.jpg,16,Lowlight,-1.0269305322480606,0.23807024210691452
Overall\1635_Lowlight_Scene_16.jpg,16,Lowlight,-0.949348357216972,0.1141979843378067
Overall\1626_Lowlight_Scene_16.jpg,16,Lowlight,-1.0448352536088197,0.19745677709579468
Overall\1639_Lowlight_Scene_16.jpg,16,Lowlight,-0.6885510409387257,0.19616803899407387
Overall\1589_Lowlight_Scene_16.jpg,16,Lowlight,-0.6302456868100083,0.20557160302996635
Overall\1646_Lowlight_Scene_16.JPG,16,Lowlight,-0.5363465761592966,0.3042237274348736
Overall\1613_Lowlight_Scene_16.jpg,16,Lowlight,-0.4807124342777832,0.4459640309214592
Overall\1622_Lowlight_Scene_16.jpg,16,Lowlight,-0.5236317879754107,0.2402913086116314
Overall\1633_Lowlight_Scene_16.jpg,16,Lowlight,-0.4899517118583644,0.12636937201023102
Overall\1591_Lowlight_Scene_16.jpg,16,Lowlight,-0.4416721371550976,0.1389249637722969
Overall\1598_Lowlight_Scene_16.jpg,16,Lowlight,-0.451319750961162,0.2130596749484539
Overall\1630_Lowlight_Scene_16.jpg,16,Lowlight,-0.5471394886530944,0.20686881989240646
Overall\1579_Lowlight_Scene_16.jpg,16,Lowlight,-0.3499083177939113,0.14293725043535233
Overall\1637_Lowlight_Scene_16.jpeg,16,Lowlight,-0.395793205895005,0.38299912214279175
Overall\1631_Lowlight_Scene_16.jpg,16,Lowlight,-0.3141928922564893,0.18229959160089493
Overall\1584_Lowlight_Scene_16.JPG,16,Lowlight,-0.2470254098198683,0.396259555593133
Overall\1632_Lowlight_Scene_16.jpg,16,Lowlight,-0.2472256797147331,0.28497546166181564
Overall\1647_Lowlight_Scene_16.jpg,16,Lowlight,-0.1319491472822447,0.3654894605278969
Overall\1619_Lowlight_Scene_16.jpg,16,Lowlight,-0.011472938700057,0.6404759846627712
Overall\1568_Lowlight_Scene_16.jpg,16,Lowlight,-0.0237563913844957,0.3087460622191429
Overall\1602_Lowlight_Scene_16.jpg,16,Lowlight,-0.0136140258210171,0.3346016803989187
Overall\1569_Lowlight_Scene_16.jpg,16,Lowlight,0.0126534087655889,0.4455832215026021
Overall\1614_Lowlight_Scene_16.jpg,16,Lowlight,0.1358953668912841,0.8956255912780762
Overall\1618_Lowlight_Scene_16.jpg,16,Lowlight,0.0515071645901605,0.4616612009704113
Overall\1581_Lowlight_Scene_16.jpg,16,Lowlight,0.1179446550477728,0.5350190768949687
Overall\1609_Lowlight_Scene_16.JPG,16,Lowlight,0.2123299539484094,0.4420974152162671
Overall\1644_Lowlight_Scene_16.jpg,16,Lowlight,0.203239695744877,0.44958854652941227
Overall\1607_Lowlight_Scene_16.JPG,16,Lowlight,0.1233964193691718,0.5715145114809275
Overall\1623_Lowlight_Scene_16.jpg,16,Lowlight,0.3358228151087982,0.27465730905532837
Overall\1582_Lowlight_Scene_16.JPG,16,Lowlight,0.3442782902689723,0.5122146825306118
Overall\1617_Lowlight_Scene_16.jpg,16,Lowlight,0.3574690327949106,0.4100675191730261
Overall\1606_Lowlight_Scene_16.JPG,16,Lowlight,0.4340051586292971,0.4864795852918178
Overall\1570_Lowlight_Scene_16.jpg,16,Lowlight,0.4069957538465754,0.5559093421325088
Overall\1608_Lowlight_Scene_16.JPG,16,Lowlight,0.3977850668588852,0.31379101052880287
Overall\1600_Lowlight_Scene_16.JPG,16,Lowlight,0.4622803821966187,0.41294714878313243
Overall\1573_Lowlight_Scene_16.JPG,16,Lowlight,0.4726461798794558,0.5948446337133646
Overall\1597_Lowlight_Scene_16.jpg,16,Lowlight,0.5060852612192752,0.4463773160241544
Overall\1611_Lowlight_Scene_16.jpg,16,Lowlight,0.5348779363129738,0.4195139888324775
Overall\1625_Lowlight_Scene_16.JPG,16,Lowlight,0.4858407418555912,0.490028940141201
Overall\1612_Lowlight_Scene_16.jpg,16,Lowlight,0.5625223350004595,0.6298523247241974
Overall\1638_Lowlight_Scene_16.jpg,16,Lowlight,0.5587501209296869,0.4691270999610424
Overall\1577_Lowlight_Scene_16.jpg,16,Lowlight,0.5463171705448073,0.4846157026477158
Overall\1627_Lowlight_Scene_16.jpg,16,Lowlight,0.576800428496968,0.43891270086169243
Overall\1583_Lowlight_Scene_16.jpg,16,Lowlight,0.7676499290138658,0.9363675266504288
Overall\1588_Lowlight_Scene_16.jpg,16,Lowlight,0.9218379277850304,0.6035761144012213
Overall\1574_Lowlight_Scene_16.JPG,16,Lowlight,0.9597051480478682,0.9515624642372131
Overall\1604_Lowlight_Scene_16.JPG,16,Lowlight,0.9647848722687415,0.5765792056918144
Overall\1615_Lowlight_Scene_16.jpg,16,Lowlight,1.0372824761855086,0.6107383035123348
Overall\1578_Lowlight_Scene_16.jpg,16,Lowlight,1.0534697285896146,0.4537322837859392
Overall\1620_Lowlight_Scene_16.jpg,16,Lowlight,1.2997933988811892,0.417795835994184
Overall\1567_Lowlight_Scene_16.JPG,16,Lowlight,1.3541823614883677,0.5261109918355942
Overall\1564_Lowlight_Scene_16.jpg,16,Lowlight,1.3433900620590922,0.5675701163709164
Overall\1645_Lowlight_Scene_16.jpg,16,Lowlight,1.4491775535915798,0.6812511682510376
Overall\1566_Lowlight_Scene_16.JPG,16,Lowlight,1.4983712403496523,0.5491346353664994
Overall\1595_Lowlight_Scene_16.jpg,16,Lowlight,1.4850692272586905,0.4918177267536521
Overall\1621_Lowlight_Scene_16.jpg,16,Lowlight,1.5711668796463805,0.7321318089962006
Overall\1648_Lowlight_Scene_16.jpg,16,Lowlight,1.6117756032936372,0.5921559054404497
Overall\1580_Lowlight_Scene_16.jpg,16,Lowlight,1.8305955983576847,0.6794529408216476
Overall\1563_Lowlight_Scene_16.jpg,16,Lowlight,1.908737485638555,0.530418923124671
Overall\1636_Lowlight_Scene_16.jpg,16,Lowlight,2.016401811352748,0.9025669917464256
Overall\1603_Lowlight_Scene_16.jpg,16,Lowlight,2.144230854304115,0.5010012034326792
Overall\1610_Lowlight_Scene_16.jpg,16,Lowlight,2.1594462759221025,0.9914284646511078
Overall\1565_Lowlight_Scene_16.JPG,16,Lowlight,2.3726219905065973,0.8294715285301208
Overall\1616_Lowlight_Scene_16.jpg,16,Lowlight,2.6257343904829726,0.7403866350650787
Overall\1601_Lowlight_Scene_16.jpg,16,Lowlight,2.869810685921661,1.0374647825956345
Overall\1643_Lowlight_Scene_16.jpg,16,Lowlight,2.810541008316109,0.5991771630942822
Overall\1605_Lowlight_Scene_16.jpg,16,Lowlight,2.968581619394308,0.8112227469682693
Overall\1690_Lowlight_Scene_17.jpg,17,Lowlight,-3.712870268839287,-1.4834277629852295
Overall\1697_Lowlight_Scene_17.jpg,17,Lowlight,-2.8473489799218976,-1.428479254245758
Overall\1684_Lowlight_Scene_17.jpg,17,Lowlight,-2.6635118995591847,-0.4790245294570923
Overall\1664_Lowlight_Scene_17.jpg,17,Lowlight,-2.582868993100284,-0.2702123448252678
Overall\1658_Lowlight_Scene_17.jpg,17,Lowlight,-2.0605041305390333,-0.17908547818660736
Overall\1670_Lowlight_Scene_17.jpg,17,Lowlight,-2.2852288267166685,-1.3396233916282654
Overall\1689_Lowlight_Scene_17.JPG,17,Lowlight,-2.0170468690679733,-0.7042986452579498
Overall\1667_Lowlight_Scene_17.JPG,17,Lowlight,-1.8824916123391373,-0.9391848146915436
Overall\1674_Lowlight_Scene_17.JPG,17,Lowlight,-1.9481136865307929,-0.28757868986576796
Overall\1722_Lowlight_Scene_17.jpg,17,Lowlight,-1.813556885609504,-0.46398626267910004
Overall\1662_Lowlight_Scene_17.jpg,17,Lowlight,-1.8203987966305453,-0.22455210983753204
Overall\1676_Lowlight_Scene_17.JPG,17,Lowlight,-1.68931111515738,-0.38595668226480484
Overall\1709_Lowlight_Scene_17.jpg,17,Lowlight,-1.68231507639762,-0.7684044539928436
Overall\1707_Lowlight_Scene_17.jpg,17,Lowlight,-1.6341414330840898,-0.674941748380661
Overall\1726_Lowlight_Scene_17.jpg,17,Lowlight,-1.500749492518124,-0.5120750665664673
Overall\1746_Lowlight_Scene_17.jpg,17,Lowlight,-1.2472903669596227,-0.01868230104446411
Overall\1677_Lowlight_Scene_17.JPG,17,Lowlight,-1.2737258458069396,-0.575462743639946
Overall\1750_Lowlight_Scene_17.jpg,17,Lowlight,-1.0829831825243528,-0.21524351090192795
Overall\1732_Lowlight_Scene_17.jpg,17,Lowlight,-1.2068350870903433,-0.3409694177098572
Overall\1708_Lowlight_Scene_17.jpg,17,Lowlight,-1.0410094068351186,-0.24795778840780258
Overall\1715_Lowlight_Scene_17.jpg,17,Lowlight,-1.019274084619895,-0.5292880535125732
Overall\1660_Lowlight_Scene_17.jpg,17,Lowlight,-0.9384415179402644,-0.4992605522274971
Overall\1687_Lowlight_Scene_17.jpg,17,Lowlight,-0.908817149506314,-0.31404717452824116
Overall\1652_Lowlight_Scene_17.jpg,17,Lowlight,-1.0220758175216789,-0.7082502841949463
Overall\1653_Lowlight_Scene_17.jpg,17,Lowlight,-0.9198284595936898,-0.13280358910560608
Overall\1742_Lowlight_Scene_17.jpg,17,Lowlight,-0.7574751793548603,-0.15700951218605042
Overall\1720_Lowlight_Scene_17.jpg,17,Lowlight,-0.742369963990421,-0.4849720597267151
Overall\1666_Lowlight_Scene_17.jpg,17,Lowlight,-0.9926983996254198,-0.29707323387265205
Overall\1713_Lowlight_Scene_17.jpg,17,Lowlight,-0.7270817704215535,0.09221486747264862
Overall\1737_Lowlight_Scene_17.jpg,17,Lowlight,-0.8367728582737253,-0.1677817925810814
Overall\1665_Lowlight_Scene_17.jpg,17,Lowlight,-0.6396459552419533,0.16527597606182098
Overall\1685_Lowlight_Scene_17.jpg,17,Lowlight,-0.6952916874318812,-0.21873949095606804
Overall\1680_Lowlight_Scene_17.jpg,17,Lowlight,-0.7197353217069579,-0.6936900019645691
Overall\1705_Lowlight_Scene_17.jpg,17,Lowlight,-0.7024477837536178,-0.011246278882026672
Overall\1711_Lowlight_Scene_17.jpg,17,Lowlight,-0.6045741393884091,-0.43605852872133255
Overall\1731_Lowlight_Scene_17.jpg,17,Lowlight,-0.6319310332288849,0.09832519292831421
Overall\1717_Lowlight_Scene_17.jpg,17,Lowlight,-0.5377589382461527,-0.08543112874031067
Overall\1736_Lowlight_Scene_17.jpg,17,Lowlight,-0.4597163144905485,0.2248370200395584
Overall\1748_Lowlight_Scene_17.jpg,17,Lowlight,-0.4850285615166407,-0.15473291277885437
Overall\1721_Lowlight_Scene_17.jpg,17,Lowlight,-0.4847738137887863,-0.41018202155828476
Overall\1725_Lowlight_Scene_17.jpg,17,Lowlight,-0.483440706861197,-0.3152565583586693
Overall\1683_Lowlight_Scene_17.jpg,17,Lowlight,-0.4677325153308398,-0.12923339009284973
Overall\1751_Lowlight_Scene_17.jpg,17,Lowlight,-0.4419714564192407,-0.024033844470977783
Overall\1655_Lowlight_Scene_17.jpg,17,Lowlight,-0.3966221923984883,-0.009165719151496887
Overall\1739_Lowlight_Scene_17.JPG,17,Lowlight,-0.2524662740021239,-0.08336254954338074
Overall\1700_Lowlight_Scene_17.jpg,17,Lowlight,-0.2550129751712907,-0.11607284843921661
Overall\1678_Lowlight_Scene_17.jpg,17,Lowlight,-0.2589418892458104,0.0656173825263977
Overall\1673_Lowlight_Scene_17.jpg,17,Lowlight,-0.2773897714828428,0.05140739679336548
Overall\1657_Lowlight_Scene_17.jpg,17,Lowlight,-0.1819374660120798,-0.39826803654432297
Overall\1719_Lowlight_Scene_17.jpg,17,Lowlight,-0.1667161367680516,-0.5500705391168594
Overall\1723_Lowlight_Scene_17.jpg,17,Lowlight,-0.1292277744002888,-0.14662710204720497
Overall\1749_Lowlight_Scene_17.jpg,17,Lowlight,0.0033926743278015,-0.12340789288282394
Overall\1724_Lowlight_Scene_17.jpg,17,Lowlight,0.0299888692153172,0.4004124104976654
Overall\1743_Lowlight_Scene_17.jpg,17,Lowlight,-0.0310304048312735,0.02797114849090576
Overall\1682_Lowlight_Scene_17.jpg,17,Lowlight,0.0525327675185869,0.10020597279071808
Overall\1704_Lowlight_Scene_17.jpg,17,Lowlight,0.0771155358403584,-0.27477411925792694
Overall\1699_Lowlight_Scene_17.jpg,17,Lowlight,0.2816157495327901,0.34500597417354584
Overall\1694_Lowlight_Scene_17.jpg,17,Lowlight,0.1862019170499267,0.6955694062635303
Overall\1671_Lowlight_Scene_17.jpg,17,Lowlight,0.3000192163990129,0.2565845549106598
Overall\1686_Lowlight_Scene_17.jpg,17,Lowlight,0.1503342945659925,0.18276338279247284
Overall\1706_Lowlight_Scene_17.jpg,17,Lowlight,0.2755283531236293,0.30412568151950836
Overall\1744_Lowlight_Scene_17.jpg,17,Lowlight,0.2809488980490534,0.08188207447528839
Overall\1695_Lowlight_Scene_17.jpg,17,Lowlight,0.3697437635769677,0.09871885180473328
Overall\1672_Lowlight_Scene_17.jpg,17,Lowlight,0.3762749824008385,0.5283401943743229
Overall\1675_Lowlight_Scene_17.jpg,17,Lowlight,0.415143170061668,0.1715525984764099
Overall\1738_Lowlight_Scene_17.jpg,17,Lowlight,0.3766384444603829,0.2698584944009781
Overall\1747_Lowlight_Scene_17.JPG,17,Lowlight,0.4693913872455003,0.2765064090490341
Overall\1716_Lowlight_Scene_17.jpg,17,Lowlight,0.4445353551288044,0.28073499351739883
Overall\1691_Lowlight_Scene_17.jpg,17,Lowlight,0.5048712959738044,0.33206646889448166
Overall\1650_Lowlight_Scene_17.JPG,17,Lowlight,0.4400857525743247,-0.028612971305847168
Overall\1679_Lowlight_Scene_17.jpg,17,Lowlight,0.540565069765375,0.05032661557197571
Overall\1735_Lowlight_Scene_17.jpg,17,Lowlight,0.619068588362006,0.2676348015666008
Overall\1688_Lowlight_Scene_17.jpg,17,Lowlight,0.6099146248128126,0.11077140271663666
Overall\1668_Lowlight_Scene_17.JPG,17,Lowlight,0.7081492425813134,0.2058876007795334
Overall\1718_Lowlight_Scene_17.jpg,17,Lowlight,0.6826693090845017,0.572901900857687
Overall\1693_Lowlight_Scene_17.jpg,17,Lowlight,0.7658506977300512,0.18226052820682526
Overall\1663_Lowlight_Scene_17.jpg,17,Lowlight,0.8027915932471319,0.26255035400390625
Overall\1730_Lowlight_Scene_17.jpg,17,Lowlight,0.7889459688327831,0.44907470792531967
Overall\1714_Lowlight_Scene_17.jpg,17,Lowlight,0.9088803419134052,0.6907493844628334
Overall\1669_Lowlight_Scene_17.jpg,17,Lowlight,0.9573526816846814,-0.04872928559780121
Overall\1701_Lowlight_Scene_17.jpg,17,Lowlight,1.0779144921962385,0.35242240130901337
Overall\1727_Lowlight_Scene_17.jpg,17,Lowlight,1.1256507463042222,0.17517299950122833
Overall\1734_Lowlight_Scene_17.jpg,17,Lowlight,1.168332278516276,0.24895061552524567
Overall\1712_Lowlight_Scene_17.jpg,17,Lowlight,1.374300236981338,0.3399372026324272
Overall\1728_Lowlight_Scene_17.jpg,17,Lowlight,1.4962091034230456,0.5020739361643791
Overall\1733_Lowlight_Scene_17.jpg,17,Lowlight,1.44786806101041,0.023015573620796204
Overall\1729_Lowlight_Scene_17.jpg,17,Lowlight,1.5491197133466343,0.6730246692895889
Overall\1659_Lowlight_Scene_17.jpg,17,Lowlight,1.568764659854309,0.16371726989746094
Overall\1654_Lowlight_Scene_17.jpg,17,Lowlight,1.5723488978728466,0.10043954849243164
Overall\1698_Lowlight_Scene_17.JPG,17,Lowlight,1.5994315014304268,0.5011457279324532
Overall\1656_Lowlight_Scene_17.jpg,17,Lowlight,1.759271260398924,0.5350084640085697
Overall\1651_Lowlight_Scene_17.jpg,17,Lowlight,1.9033340722793315,-0.01648823916912079
Overall\1692_Lowlight_Scene_17.jpg,17,Lowlight,2.0499374887194786,0.45876453444361687
Overall\1745_Lowlight_Scene_17.jpg,17,Lowlight,2.097254101332421,0.08864454925060272
Overall\1740_Lowlight_Scene_17.jpg,17,Lowlight,2.0794060165009123,0.5528705790638924
Overall\1710_Lowlight_Scene_17.jpg,17,Lowlight,2.1718324212767137,0.005367830395698547
Overall\1703_Lowlight_Scene_17.jpg,17,Lowlight,2.1734329323627275,0.21410949528217316
Overall\1741_Lowlight_Scene_17.jpg,17,Lowlight,2.383587781261325,0.4196891784667969
Overall\1696_Lowlight_Scene_17.jpg,17,Lowlight,2.377358182490848,0.4416894093155861
Overall\1681_Lowlight_Scene_17.jpg,17,Lowlight,2.746315267562012,0.6874897540546954
Overall\1702_Lowlight_Scene_17.jpg,17,Lowlight,3.556963587846674,0.8899618983268738
Overall\1661_Lowlight_Scene_17.jpg,17,Lowlight,4.463346919767146,0.23584504425525665
Overall\2124_Lowlight_Scene_20.jpg,20,Lowlight,-4.171098254798844,-1.1369919180870056
Overall\2062_Lowlight_Scene_20.jpg,20,Lowlight,-3.9936383275490392,-1.396531343460083
Overall\2055_Lowlight_Scene_20.jpg,20,Lowlight,-3.700434244900437,-1.6688411235809326
Overall\2117_Lowlight_Scene_20.jpg,20,Lowlight,-3.4364404672575,-1.617210328578949
Overall\2121_Lowlight_Scene_20.jpg,20,Lowlight,-2.8801504066317376,-1.1118215322494507
Overall\2012_Lowlight_Scene_20.jpg,20,Lowlight,-2.558616058313801,-0.9354199469089508
Overall\2041_Lowlight_Scene_20.jpg,20,Lowlight,-2.249243906202788,-0.7848591208457947
Overall\2031_Lowlight_Scene_20.JPG,20,Lowlight,-2.265143456221901,-1.3578201532363892
Overall\2035_Lowlight_Scene_20.jpg,20,Lowlight,-2.2161761061517176,-0.49236515164375305
Overall\2034_Lowlight_Scene_20.jpg,20,Lowlight,-2.1453406398938,-1.3803939819335938
Overall\2033_Lowlight_Scene_20.jpg,20,Lowlight,-2.049254102043086,-1.1435038447380066
Overall\2074_Lowlight_Scene_20.jpg,20,Lowlight,-2.009487173467243,-1.5000674724578857
Overall\2030_Lowlight_Scene_20.jpg,20,Lowlight,-1.9433646036035392,-1.1571528315544128
Overall\2048_Lowlight_Scene_20.jpg,20,Lowlight,-1.9386683701684144,-1.488568365573883
Overall\2111_Lowlight_Scene_20.JPG,20,Lowlight,-1.761044968554952,-1.1054716110229492
Overall\2010_Lowlight_Scene_20.jpg,20,Lowlight,-1.7473003623515373,-1.1414335370063782
Overall\2072_Lowlight_Scene_20.jpg,20,Lowlight,-1.6802224199671862,-0.3437321148812771
Overall\2037_Lowlight_Scene_20.jpg,20,Lowlight,-1.58741290631809,-1.1254830062389374
Overall\2073_Lowlight_Scene_20.JPG,20,Lowlight,-1.4477086115001232,-1.0893020033836365
Overall\2090_Lowlight_Scene_20.jpg,20,Lowlight,-1.3841589653330797,-0.8765605390071869
Overall\2021_Lowlight_Scene_20.jpg,20,Lowlight,-1.1418364007711508,-1.0615256428718567
Overall\2100_Lowlight_Scene_20.jpg,20,Lowlight,-1.163077685639227,-0.4528376907110214
Overall\2095_Lowlight_Scene_20.jpg,20,Lowlight,-1.142547330230362,-1.0580741167068481
Overall\2005_Lowlight_Scene_20.jpg,20,Lowlight,-1.0128630333482136,-0.6089089810848236
Overall\2125_Lowlight_Scene_20.JPG,20,Lowlight,-0.8133199346155502,-0.2423911988735199
Overall\2109_Lowlight_Scene_20.jpg,20,Lowlight,-0.7497923419843932,-0.33122512698173523
Overall\2043_Lowlight_Scene_20.jpg,20,Lowlight,-0.663080019565074,-0.7093141227960587
Overall\2036_Lowlight_Scene_20.JPG,20,Lowlight,-0.7435978218274117,-0.5314130075275898
Overall\2042_Lowlight_Scene_20.jpg,20,Lowlight,-0.72332190469674,-0.22104981541633606
Overall\2020_Lowlight_Scene_20.jpg,20,Lowlight,-0.6793745922855625,-0.33122511953115463
Overall\2027_Lowlight_Scene_20.jpg,20,Lowlight,-0.6225170945578666,-0.22521838545799255
Overall\2098_Lowlight_Scene_20.JPG,20,Lowlight,-0.6289034232830576,-0.2524438947439194
Overall\2113_Lowlight_Scene_20.jpg,20,Lowlight,-0.5795327164315287,-0.21807082742452621
Overall\2115_Lowlight_Scene_20.jpg,20,Lowlight,-0.5516037839199446,-0.7811917066574097
Overall\2059_Lowlight_Scene_20.jpg,20,Lowlight,-0.5914540181198754,0.094915721565485
Overall\2107_Lowlight_Scene_20.jpg,20,Lowlight,-0.4449171452537787,-0.31946366280317307
Overall\2023_Lowlight_Scene_20.jpg,20,Lowlight,-0.4421189964884794,-0.47871847823262215
Overall\2063_Lowlight_Scene_20.jpg,20,Lowlight,-0.4816019397691142,-0.16736416518688202
Overall\2092_Lowlight_Scene_20.jpg,20,Lowlight,-0.4183050593962979,-0.3086354248225689
Overall\2069_Lowlight_Scene_20.jpg,20,Lowlight,-0.3724703033684546,-0.504061833024025
Overall\2078_Lowlight_Scene_20.jpg,20,Lowlight,-0.4075871921068815,-0.645426481962204
Overall\2011_Lowlight_Scene_20.jpg,20,Lowlight,-0.3389778985843715,-0.5002429857850075
Overall\2007_Lowlight_Scene_20.jpg,20,Lowlight,-0.3397986159590514,-0.7746914625167847
Overall\2016_Lowlight_Scene_20.jpg,20,Lowlight,-0.3272858684812615,-0.5034481175243855
Overall\2076_Lowlight_Scene_20.jpg,20,Lowlight,-0.269494751833389,-0.2647138983011246
Overall\2038_Lowlight_Scene_20.jpg,20,Lowlight,-0.2818245623513294,-0.47645605355501175
Overall\2039_Lowlight_Scene_20.jpg,20,Lowlight,-0.2883871643543892,-0.5364198386669159
Overall\2082_Lowlight_Scene_20.jpg,20,Lowlight,-0.2174086870439514,-0.017089232802391052
Overall\2105_Lowlight_Scene_20.jpg,20,Lowlight,-0.2434109733780863,-0.2999015040695667
Overall\2049_Lowlight_Scene_20.jpg,20,Lowlight,-0.2054618119034633,-0.22518134117126465
Overall\2006_Lowlight_Scene_20.jpg,20,Lowlight,-0.2348253406329488,-0.7177860140800476
Overall\2047_Lowlight_Scene_20.jpg,20,Lowlight,-0.2157481155068507,-0.16941826045513153
Overall\2066_Lowlight_Scene_20.jpg,20,Lowlight,-0.2661728668200479,-0.09545284509658813
Overall\2114_Lowlight_Scene_20.jpg,20,Lowlight,-0.4509287782210113,-0.8671101629734039
Overall\2079_Lowlight_Scene_20.jpg,20,Lowlight,-0.1544663090991203,-0.1195550411939621
Overall\2091_Lowlight_Scene_20.jpg,20,Lowlight,-0.3617258786639831,-0.2658335492014885
Overall\2101_Lowlight_Scene_20.jpg,20,Lowlight,-0.1721141772406756,-0.6052190959453583
Overall\2071_Lowlight_Scene_20.jpg,20,Lowlight,-0.1525314537465947,-0.15978346392512321
Overall\2108_Lowlight_Scene_20.JPG,20,Lowlight,-0.2017628783783647,-0.6349761635065079
Overall\2116_Lowlight_Scene_20.JPG,20,Lowlight,-0.0634079318810414,-0.3582117762416601
Overall\2017_Lowlight_Scene_20.jpg,20,Lowlight,0.0191968210417421,-0.17003320902585983
Overall\2057_Lowlight_Scene_20.jpg,20,Lowlight,0.0121829485090283,-0.12475793063640594
Overall\2022_Lowlight_Scene_20.jpg,20,Lowlight,0.0563879090370606,-0.3868624437600374
Overall\2003_Lowlight_Scene_20.jpg,20,Lowlight,0.012757755049471,-0.282792080193758
Overall\2009_Lowlight_Scene_20.jpg,20,Lowlight,0.0602034280237315,-0.32202984765172005
Overall\2064_Lowlight_Scene_20.jpg,20,Lowlight,0.0889217995045968,-0.2965879626572132
Overall\2051_Lowlight_Scene_20.jpg,20,Lowlight,0.17388932994097,-0.2422180101275444
Overall\2060_Lowlight_Scene_20.jpg,20,Lowlight,0.19218788766719,-0.13694557547569275
Overall\2058_Lowlight_Scene_20.JPG,20,Lowlight,0.1607168610481986,-0.0768442302942276
Overall\2056_Lowlight_Scene_20.JPG,20,Lowlight,0.167384366962513,-0.5728531628847122
Overall\2067_Lowlight_Scene_20.jpg,20,Lowlight,0.1534109426585593,-0.08533609239384532
Overall\2099_Lowlight_Scene_20.jpg,20,Lowlight,0.2453488076577605,-0.1676458641886711
Overall\2013_Lowlight_Scene_20.jpg,20,Lowlight,0.2525467551097188,-0.2439538547769189
Overall\2065_Lowlight_Scene_20.jpg,20,Lowlight,0.2714964973105713,-0.16852865368127823
Overall\2118_Lowlight_Scene_20.jpg,20,Lowlight,0.2533796593204904,-0.3144316924735904
Overall\2077_Lowlight_Scene_20.jpg,20,Lowlight,0.2183341181087723,-0.2940549775958061
Overall\2024_Lowlight_Scene_20.jpg,20,Lowlight,0.1210345655477782,-0.26011325418949127
Overall\2119_Lowlight_Scene_20.jpg,20,Lowlight,0.2935692059790682,-0.32560455054044724
Overall\2126_Lowlight_Scene_20.jpg,20,Lowlight,0.3212438640372185,-0.19874307513237
Overall\2050_Lowlight_Scene_20.jpg,20,Lowlight,0.2864634961386534,-0.5196201056241989
Overall\2110_Lowlight_Scene_20.jpg,20,Lowlight,0.2425251078846899,-0.3470088951289654
Overall\2015_Lowlight_Scene_20.jpg,20,Lowlight,0.4294949726247175,-0.6117847114801407
Overall\2026_Lowlight_Scene_20.jpg,20,Lowlight,0.3968609100219814,0.23295694589614868
Overall\2018_Lowlight_Scene_20.jpg,20,Lowlight,0.513319738118216,-0.07285632193088531
Overall\2070_Lowlight_Scene_20.jpg,20,Lowlight,0.4893894667709442,-0.29193805903196335
Overall\2089_Lowlight_Scene_20.jpg,20,Lowlight,0.3617916559226538,0.009990852326154709
Overall\2029_Lowlight_Scene_20.jpg,20,Lowlight,0.5805096549003967,0.2867976427078247
Overall\2046_Lowlight_Scene_20.jpg,20,Lowlight,0.5823635224190284,0.045419543981552124
Overall\2088_Lowlight_Scene_20.jpg,20,Lowlight,0.6735988685767135,-0.16783736646175385
Overall\2032_Lowlight_Scene_20.jpg,20,Lowlight,0.7857315321205712,0.36200765520334244
Overall\2045_Lowlight_Scene_20.jpg,20,Lowlight,1.055161574856078,0.2851211726665497
Overall\2075_Lowlight_Scene_20.jpg,20,Lowlight,0.9792157317963648,0.0316433310508728
Overall\2106_Lowlight_Scene_20.jpg,20,Lowlight,1.038913604960471,0.05204665660858154
Overall\2094_Lowlight_Scene_20.jpg,20,Lowlight,1.0242957067105962,-0.1213664785027504
Overall\2103_Lowlight_Scene_20.jpg,20,Lowlight,0.9545848519847466,-0.09213541448116302
Overall\2019_Lowlight_Scene_20.jpg,20,Lowlight,1.116454876466787,-0.30080463737249374
Overall\2120_Lowlight_Scene_20.jpg,20,Lowlight,1.179499222456503,0.34303276240825653
Overall\2096_Lowlight_Scene_20.jpg,20,Lowlight,1.1121585063692063,0.07409195601940155
Overall\2086_Lowlight_Scene_20.jpg,20,Lowlight,1.207672868479941,-0.2246255725622177
Overall\2093_Lowlight_Scene_20.jpg,20,Lowlight,1.1568512991229103,-0.11528374254703522
Overall\2044_Lowlight_Scene_20.jpg,20,Lowlight,1.2032239463315304,0.06466872990131378
Overall\2004_Lowlight_Scene_20.jpg,20,Lowlight,1.1739024919245458,-0.25735175609588623
Overall\2081_Lowlight_Scene_20.jpg,20,Lowlight,1.1535228619709288,-0.2492324337363243
Overall\2053_Lowlight_Scene_20.jpg,20,Lowlight,1.282191523614112,0.22274014353752136
Overall\2008_Lowlight_Scene_20.jpg,20,Lowlight,1.2375457631704765,0.13422302901744843
Overall\2061_Lowlight_Scene_20.jpg,20,Lowlight,1.368818512531288,-0.19058631360530853
Overall\2040_Lowlight_Scene_20.jpg,20,Lowlight,1.4246758511358713,0.004505634307861328
Overall\2123_Lowlight_Scene_20.jpg,20,Lowlight,1.4241223615689194,-0.07169024646282196
Overall\2083_Lowlight_Scene_20.jpg,20,Lowlight,1.4623294900257977,-0.03732369840145111
Overall\2028_Lowlight_Scene_20.jpg,20,Lowlight,1.470303920778269,-0.09740045666694641
Overall\2002_Lowlight_Scene_20.jpg,20,Lowlight,1.3921473972958618,0.38362160325050354
Overall\2102_Lowlight_Scene_20.jpg,20,Lowlight,1.5674502178089675,0.19187484681606293
Overall\2025_Lowlight_Scene_20.jpg,20,Lowlight,1.5175022165335708,-0.357632651925087
Overall\2084_Lowlight_Scene_20.jpg,20,Lowlight,1.5812669230233924,0.026755958795547485
Overall\2097_Lowlight_Scene_20.jpg,20,Lowlight,1.7877380655691937,0.2883080095052719
Overall\2122_Lowlight_Scene_20.JPG,20,Lowlight,1.8834766866130228,-0.16332657635211945
Overall\2068_Lowlight_Scene_20.jpg,20,Lowlight,1.842631718455617,-0.06367316842079163
Overall\2080_Lowlight_Scene_20.jpg,20,Lowlight,2.149093505845203,-0.010787144303321838
Overall\2014_Lowlight_Scene_20.jpg,20,Lowlight,2.2370377720700505,-0.07123605906963348
Overall\2104_Lowlight_Scene_20.jpg,20,Lowlight,2.2271825381976744,0.23933541029691696
Overall\2052_Lowlight_Scene_20.jpg,20,Lowlight,2.9481769472161443,0.17382705211639404
Overall\2087_Lowlight_Scene_20.jpg,20,Lowlight,3.06829619168615,0.2862054407596588
Overall\2054_Lowlight_Scene_20.jpg,20,Lowlight,2.742972633065652,0.3560710772871971
Overall\2112_Lowlight_Scene_20.jpg,20,Lowlight,3.4648357692170504,0.3827105537056923
Overall\2085_Lowlight_Scene_20.jpg,20,Lowlight,3.472965156101812,0.22411277890205383
Overall\3054_Night_Scene_28.jpg,28,Night,-3.9598353334169687,-2.295362114906311
Overall\3034_Night_Scene_28.jpg,28,Night,-3.1970190986298768,-1.898341178894043
Overall\2956_Night_Scene_28.jpg,28,Night,-3.141638622478378,-2.11125510931015
Overall\2968_Night_Scene_28.jpg,28,Night,-2.9763595083476897,-1.890601098537445
Overall\3060_Night_Scene_28.jpg,28,Night,-2.9171748426604607,-1.8585862517356873
Overall\3038_Night_Scene_28.jpg,28,Night,-2.887025299897901,-1.609867513179779
Overall\2982_Night_Scene_28.jpg,28,Night,-2.7226828527768503,-1.6675233244895935
Overall\3013_Night_Scene_28.jpg,28,Night,-2.6261649669779046,-1.644688069820404
Overall\3032_Night_Scene_28.jpg,28,Night,-2.393692739330456,-1.6676110625267029
Overall\3024_Night_Scene_28.JPG,28,Night,-2.062351773269101,-1.616926670074463
Overall\2961_Night_Scene_28.jpg,28,Night,-1.9614578403682863,-1.7478683590888977
Overall\2979_Night_Scene_28.jpg,28,Night,-1.8745959150689624,-1.1472131311893463
Overall\2986_Night_Scene_28.jpg,28,Night,-1.8492710101725105,-1.3476491570472717
Overall\3044_Night_Scene_28.jpg,28,Night,-1.6608567270990615,-1.279520332813263
Overall\3010_Night_Scene_28.jpg,28,Night,-1.5103765634692603,-1.232663780450821
Overall\3030_Night_Scene_28.jpg,28,Night,-1.2498616459415266,-1.187876671552658
Overall\3061_Night_Scene_28.jpg,28,Night,-1.2362112841314683,-0.8778195977210999
Overall\2991_Night_Scene_28.JPG,28,Night,-1.1231102193078533,-0.8112058639526367
Overall\2977_Night_Scene_28.jpg,28,Night,-1.1663428257989863,-0.9154260158538818
Overall\2984_Night_Scene_28.jpg,28,Night,-1.0981396832493688,-1.1003936231136322
Overall\2972_Night_Scene_28.jpg,28,Night,-1.120980657317362,-0.22511674091219902
Overall\2951_Night_Scene_28.jpg,28,Night,-1.0071025066273964,-0.6443021595478058
Overall\2993_Night_Scene_28.jpg,28,Night,-1.026017692891442,-0.39475466310977936
Overall\3047_Night_Scene_28.jpg,28,Night,-0.9649249003237688,-0.6080062091350555
Overall\2974_Night_Scene_28.jpg,28,Night,-0.937696773025212,-0.9965814650058746
Overall\2980_Night_Scene_28.JPG,28,Night,-0.9159517623183028,-0.8192142248153687
Overall\3004_Night_Scene_28.jpg,28,Night,-0.9326379976617384,-0.8131180703639984
Overall\3052_Night_Scene_28.jpg,28,Night,-0.9224169360152534,-0.8550976514816284
Overall\3023_Night_Scene_28.JPG,28,Night,-0.6456601904721858,-0.9464336633682251
Overall\3058_Night_Scene_28.jpg,28,Night,-0.6467995352616397,-0.5870494693517685
Overall\2963_Night_Scene_28.jpg,28,Night,-0.6594792825907683,-0.10278812609612942
Overall\2969_Night_Scene_28.jpg,28,Night,-0.6014817404454923,-0.06249387003481388
Overall\3028_Night_Scene_28.JPG,28,Night,-0.6390061262661388,-0.48227396607398987
Overall\2970_Night_Scene_28.jpg,28,Night,-0.5572383913197796,-0.6452856957912445
Overall\2954_Night_Scene_28.jpg,28,Night,-0.4311810985206955,-0.1405207645148039
Overall\2953_Night_Scene_28.jpg,28,Night,-0.4096490694015152,0.16678127460181713
Overall\3039_Night_Scene_28.jpg,28,Night,-0.405520825627955,-0.35062552988529205
Overall\3031_Night_Scene_28.jpg,28,Night,-0.2497778194361706,0.7889872640371323
Overall\3014_Night_Scene_28.jpg,28,Night,-0.2585380751762108,-0.10189800150692463
Overall\2994_Night_Scene_28.jpg,28,Night,-0.2830636502871898,-0.03671132121235132
Overall\2998_Night_Scene_28.JPG,28,Night,-0.2493118027877021,-0.31491196155548096
Overall\2983_Night_Scene_28.jpg,28,Night,-0.244861643361552,-0.06199008971452713
Overall\2996_Night_Scene_28.jpg,28,Night,-0.2003659769135716,-0.023834630846977234
Overall\3040_Night_Scene_28.jpg,28,Night,-0.1800249775782168,-0.03671141993254423
Overall\2971_Night_Scene_28.jpg,28,Night,-0.1373513494597161,0.32175030931830406
Overall\3029_Night_Scene_28.jpg,28,Night,-0.1988213266793811,0.14338261634111404
Overall\3022_Night_Scene_28.jpg,28,Night,-0.15353021278831,0.06882388517260551
Overall\2958_Night_Scene_28.jpg,28,Night,-0.194376929816947,-0.1176103325560689
Overall\3051_Night_Scene_28.jpg,28,Night,-0.1702754846046307,0.16651993244886398
Overall\2997_Night_Scene_28.JPG,28,Night,-0.079581011268989,-0.04720165580511093
Overall\2950_Night_Scene_28.jpg,28,Night,-0.0414792610339282,0.24158582836389542
Overall\2957_Night_Scene_28.JPG,28,Night,-0.0456685019811394,-0.24133161455392838
Overall\3026_Night_Scene_28.jpg,28,Night,-0.0083366107182282,0.11691088229417801
Overall\2981_Night_Scene_28.jpg,28,Night,-0.0258444014003612,0.0711408481001854
Overall\3002_Night_Scene_28.jpg,28,Night,-0.0294466516652332,0.14833978563547134
Overall\2988_Night_Scene_28.jpg,28,Night,-0.0330036399364868,0.4540416821837425
Overall\3046_Night_Scene_28.jpg,28,Night,0.0091742332325183,-0.10188781097531319
Overall\3053_Night_Scene_28.jpg,28,Night,0.0058794597712076,0.03867651894688606
Overall\3009_Night_Scene_28.JPG,28,Night,0.22137045452276,0.4226936846971512
Overall\3045_Night_Scene_28.jpg,28,Night,0.0914617144616437,0.3290888825431466
Overall\3003_Night_Scene_28.jpg,28,Night,0.0523959398974695,-0.04904630035161972
Overall\3043_Night_Scene_28.JPG,28,Night,0.0579724382237914,0.2777861412614584
Overall\3048_Night_Scene_28.jpg,28,Night,0.0717529976783668,-0.07300899550318718
Overall\2967_Night_Scene_28.jpg,28,Night,0.1494234920866664,0.16671183705329895
Overall\2973_Night_Scene_28.jpg,28,Night,0.0897402906232791,0.06311754882335663
Overall\2966_Night_Scene_28.jpg,28,Night,0.0849099628704812,0.33687211386859417
Overall\3059_Night_Scene_28.jpg,28,Night,0.1399371758069461,0.15491767972707748
Overall\3008_Night_Scene_28.jpg,28,Night,0.1536910663147226,0.2742341496050358
Overall\2990_Night_Scene_28.jpg,28,Night,0.1342271329638163,0.5259828940033913
Overall\3021_Night_Scene_28.JPG,28,Night,0.1871510915838417,0.44290584325790405
Overall\3056_Night_Scene_28.jpg,28,Night,0.2695195448933965,0.3892969023436308
Overall\3055_Night_Scene_28.jpg,28,Night,0.3346565538270599,0.34243802912533283
Overall\3050_Night_Scene_28.jpg,28,Night,0.2905801475541826,0.6506229415535927
Overall\3015_Night_Scene_28.jpg,28,Night,0.3694330901682731,0.3898071236908436
Overall\2959_Night_Scene_28.jpg,28,Night,0.3738261103967676,0.5457390919327736
Overall\2999_Night_Scene_28.JPG,28,Night,0.5079999654547089,0.907694861292839
Overall\3012_Night_Scene_28.jpg,28,Night,0.4555828838160679,0.416810117661953
Overall\2992_Night_Scene_28.jpg,28,Night,0.3627816895172774,0.7658982127904892
Overall\3019_Night_Scene_28.jpg,28,Night,0.5987320903527986,0.3695814423263073
Overall\3037_Night_Scene_28.jpg,28,Night,0.4964727595886958,0.4403923824429512
Overall\2989_Night_Scene_28.jpg,28,Night,0.6609801345779867,0.5098729208111763
Overall\3057_Night_Scene_28.jpg,28,Night,0.6788025136961722,0.849892184138298
Overall\3033_Night_Scene_28.jpg,28,Night,0.7813737048110522,0.4170585200190544
Overall\2976_Night_Scene_28.jpg,28,Night,0.8112607389478601,0.3055174252949655
Overall\3011_Night_Scene_28.jpg,28,Night,0.6885955181591519,0.30560330860316753
Overall\3000_Night_Scene_28.jpg,28,Night,0.7913259835651308,0.30143292248249054
Overall\3036_Night_Scene_28.jpg,28,Night,1.0229417127445335,0.9678274989128113
Overall\3018_Night_Scene_28.jpg,28,Night,1.0286682191318286,0.2785331681370735
Overall\2955_Night_Scene_28.jpg,28,Night,1.0689159763032752,0.9501054137945175
Overall\2962_Night_Scene_28.jpg,28,Night,1.0793198995259028,1.2192041873931885
Overall\2965_Night_Scene_28.jpg,28,Night,1.1386114971195858,0.9178388118743896
Overall\2975_Night_Scene_28.jpg,28,Night,1.2622427705558388,0.8217053264379501
Overall\3001_Night_Scene_28.jpg,28,Night,1.3172719746325143,0.4635828975588083
Overall\3007_Night_Scene_28.jpg,28,Night,1.406665557020756,0.9427715092897415
Overall\3027_Night_Scene_28.jpg,28,Night,1.374456698204494,1.5086074769496918
Overall\2964_Night_Scene_28.jpg,28,Night,1.4090690377596122,1.2247232496738434
Overall\2960_Night_Scene_28.jpg,28,Night,1.501926342072362,1.0865818560123444
Overall\3041_Night_Scene_28.jpg,28,Night,1.6194306789403587,0.499995581805706
Overall\2995_Night_Scene_28.jpg,28,Night,1.719701982530706,1.4422902166843414
Overall\3025_Night_Scene_28.jpg,28,Night,1.7988264419005098,1.240447849035263
Overall\2978_Night_Scene_28.jpg,28,Night,1.9214219390238387,1.180344134569168
Overall\3016_Night_Scene_28.jpg,28,Night,2.045804523444283,0.41976297719520517
Overall\3017_Night_Scene_28.jpg,28,Night,2.230693453627398,1.4173242449760437
Overall\3020_Night_Scene_28.jpg,28,Night,2.310977169441514,1.3418295085430145
Overall\2985_Night_Scene_28.jpg,28,Night,2.3360138305526497,1.5929806232452393
Overall\3042_Night_Scene_28.jpg,28,Night,2.4420199090375188,1.4857015907764435
Overall\3005_Night_Scene_28.jpg,28,Night,2.5325715844491827,1.487463891506195
Overall\2952_Night_Scene_28.jpg,28,Night,2.338875443755965,0.4879832789301872
Overall\3049_Night_Scene_28.jpg,28,Night,3.007308665366208,1.4480215311050415
Overall\2987_Night_Scene_28.jpg,28,Night,3.242499402437292,1.6275009214878082
Overall\3006_Night_Scene_28.jpg,28,Night,3.132025907103216,1.4182144701480865
Overall\3035_Night_Scene_28.jpg,28,Night,3.012302069328046,1.6540458500385284
Overall\3223_Night_Scene_30.jpg,30,Night,-4.472807677859167,-2.7907411456108093
Overall\3210_Night_Scene_30.jpg,30,Night,-4.519877785970026,-2.5756993889808655
Overall\3185_Night_Scene_30.jpg,30,Night,-3.049826321399546,-0.47541677951812744
Overall\3266_Night_Scene_30.jpg,30,Night,-2.99578212832029,-1.738431990146637
Overall\3180_Night_Scene_30.jpg,30,Night,-2.680476236737324,-1.191505342721939
Overall\3191_Night_Scene_30.jpg,30,Night,-2.8278433214612786,-1.2038352489471436
Overall\3204_Night_Scene_30.jpg,30,Night,-2.636825397223676,-1.0959358215332031
Overall\3235_Night_Scene_30.JPG,30,Night,-2.66012626853503,-1.018805831670761
Overall\3227_Night_Scene_30.jpg,30,Night,-2.556722090645685,-1.1812670826911926
Overall\3240_Night_Scene_30.jpg,30,Night,-2.495210031692732,-1.590359389781952
Overall\3218_Night_Scene_30.jpg,30,Night,-1.928974122772539,-1.1548443734645844
Overall\3198_Night_Scene_30.jpg,30,Night,-1.6473107286720423,-0.5596366822719574
Overall\3193_Night_Scene_30.JPG,30,Night,-1.4980321013107016,-0.9408285915851593
Overall\3232_Night_Scene_30.jpg,30,Night,-1.4262401546293162,-0.6399121582508087
Overall\3197_Night_Scene_30.jpg,30,Night,-1.3278277669340623,0.6526555269956589
Overall\3242_Night_Scene_30.jpg,30,Night,-1.313775159520118,0.15405279397964478
Overall\3174_Night_Scene_30.jpg,30,Night,-1.3085651831680245,-0.32421971298754215
Overall\3249_Night_Scene_30.JPG,30,Night,-1.142994649950347,-0.41294270753860474
Overall\3241_Night_Scene_30.JPG,30,Night,-1.080417618485156,-0.0702894851565361
Overall\3228_Night_Scene_30.JPG,30,Night,-0.9784271557256916,0.8164352923631668
Overall\3250_Night_Scene_30.jpg,30,Night,-0.9652065901655654,0.5949226077646017
Overall\3192_Night_Scene_30.jpg,30,Night,-0.9331480157071164,-0.734157383441925
Overall\3233_Night_Scene_30.jpg,30,Night,-0.8529820069866052,-0.20013964921236038
Overall\3206_Night_Scene_30.jpg,30,Night,-0.6535669725429726,0.7240772433578968
Overall\3239_Night_Scene_30.jpg,30,Night,-0.7381123702353376,0.1624884009361267
Overall\3209_Night_Scene_30.jpg,30,Night,-0.6354517232708279,-0.235520476475358
Overall\3213_Night_Scene_30.jpg,30,Night,-0.6103286203921263,-0.02408623695373535
Overall\3286_Night_Scene_30.jpg,30,Night,-0.6159410548599056,0.18507614731788635
Overall\3244_Night_Scene_30.jpg,30,Night,-0.6402863258726752,0.40954823791980743
Overall\3281_Night_Scene_30.jpg,30,Night,-0.5933403974650805,0.10859827697277069
Overall\3202_Night_Scene_30.jpg,30,Night,-0.5933137751787331,0.6401920281350613
Overall\3194_Night_Scene_30.jpg,30,Night,-0.5541302144467599,-0.26261164247989655
Overall\3269_Night_Scene_30.jpg,30,Night,-0.589864857923445,0.5835730135440826
Overall\3251_Night_Scene_30.jpg,30,Night,-0.5364338157502501,0.5853055249899626
Overall\3247_Night_Scene_30.jpg,30,Night,-0.5138208411911939,0.350101038813591
Overall\3238_Night_Scene_30.jpg,30,Night,-0.4864354775980603,0.623571116477251
Overall\3217_Night_Scene_30.jpg,30,Night,-0.4577895134452954,-0.1266361102461815
Overall\3176_Night_Scene_30.JPG,30,Night,-0.1409499555077273,0.8782579451799393
Overall\3205_Night_Scene_30.JPG,30,Night,-0.4190663737250535,0.5746263936161995
Overall\3245_Night_Scene_30.jpg,30,Night,-0.3829247926120227,0.127443328499794
Overall\3265_Night_Scene_30.jpg,30,Night,-0.3779793941001563,0.4064466245472431
Overall\3184_Night_Scene_30.jpg,30,Night,-0.4012254581767071,0.2948881685733795
Overall\3284_Night_Scene_30.jpg,30,Night,-0.2788796737240215,0.2264975607395172
Overall\3272_Night_Scene_30.jpg,30,Night,-0.2741471780085578,0.6098388023674488
Overall\3261_Night_Scene_30.jpg,30,Night,-0.3542133163044938,0.6179550951346755
Overall\3179_Night_Scene_30.jpg,30,Night,-0.3381888578541914,0.50405128672719
Overall\3221_Night_Scene_30.jpg,30,Night,-0.2409992572646296,0.018390759825706482
Overall\3259_Night_Scene_30.jpg,30,Night,-0.2779754047266845,0.3274509683251381
Overall\3181_Night_Scene_30.jpg,30,Night,-0.1788277824589949,0.3784683719277382
Overall\3222_Night_Scene_30.JPG,30,Night,-0.1893761836949646,0.3505353005602956
Overall\3224_Night_Scene_30.jpg,30,Night,-0.1971057748109149,0.5903434101492167
Overall\3200_Night_Scene_30.jpg,30,Night,-0.1789884200161363,0.16830496490001678
Overall\3273_Night_Scene_30.jpg,30,Night,-0.0928871718736325,0.39958806801587343
Overall\3220_Night_Scene_30.jpg,30,Night,-0.1199615120595604,0.2660188302397728
Overall\3229_Night_Scene_30.jpg,30,Night,-0.0743239930595846,0.2969329059123993
Overall\3274_Night_Scene_30.jpg,30,Night,-0.1049900577605897,0.6116590052843094
Overall\3177_Night_Scene_30.jpg,30,Night,0.013926969719005,0.6588798724114895
Overall\3216_Night_Scene_30.jpg,30,Night,0.0381724916522687,0.6797793284058571
Overall\3237_Night_Scene_30.jpg,30,Night,0.0890592599982322,0.6436454579234123
Overall\3196_Night_Scene_30.jpg,30,Night,0.095673540645693,0.2512596920132637
Overall\3225_Night_Scene_30.jpg,30,Night,0.1373300369493744,0.571274321526289
Overall\3182_Night_Scene_30.jpg,30,Night,0.1501859536479004,0.7982934713363647
Overall\3195_Night_Scene_30.jpg,30,Night,0.2133380063161027,0.6011964334174991
Overall\3255_Night_Scene_30.jpg,30,Night,0.1186810389797173,0.8836428001523018
Overall\3211_Night_Scene_30.jpg,30,Night,0.1832933361453086,0.9387395530939102
Overall\3262_Night_Scene_30.JPG,30,Night,0.1554788935340657,0.3295526057481766
Overall\3260_Night_Scene_30.jpg,30,Night,0.2402521407577099,0.6343745961785316
Overall\3278_Night_Scene_30.jpg,30,Night,0.2969327165083689,0.8140906542539597
Overall\3199_Night_Scene_30.jpg,30,Night,0.3146126141040681,0.30036985874176025
Overall\3258_Night_Scene_30.jpg,30,Night,0.4068169950313582,0.880020260810852
Overall\3186_Night_Scene_30.JPG,30,Night,0.3658093505522386,0.12934339046478271
Overall\3188_Night_Scene_30.jpg,30,Night,0.490181827987986,0.8738561421632767
Overall\3275_Night_Scene_30.jpg,30,Night,0.4292175481851407,0.8185721850022674
Overall\3214_Night_Scene_30.jpg,30,Night,0.4543662696409992,1.1703138500452042
Overall\3231_Night_Scene_30.JPG,30,Night,0.4635588974314164,0.7930648401379585
Overall\3280_Night_Scene_30.jpg,30,Night,0.47696418173534,0.8686578571796417
Overall\3252_Night_Scene_30.jpg,30,Night,0.4061640445423702,0.753282941877842
Overall\3248_Night_Scene_30.jpg,30,Night,0.3709591063656849,0.6892309002578259
Overall\3189_Night_Scene_30.jpg,30,Night,0.5159894008370924,0.843957707285881
Overall\3183_Night_Scene_30.jpg,30,Night,0.638478272569178,1.183578073978424
Overall\3282_Night_Scene_30.jpg,30,Night,0.6484711028979144,0.9355552196502686
Overall\3257_Night_Scene_30.jpg,30,Night,0.625671447672466,0.7168883234262466
Overall\3190_Night_Scene_30.jpg,30,Night,0.6673111198998201,0.6063514091074467
Overall\3256_Night_Scene_30.jpg,30,Night,0.7884182417982413,0.7065367884933949
Overall\3253_Night_Scene_30.jpg,30,Night,0.8440015486177108,0.7512035146355629
Overall\3246_Night_Scene_30.jpg,30,Night,0.8271819464442488,1.3794239163398743
Overall\3271_Night_Scene_30.jpg,30,Night,0.8373913078693993,0.8198432475328445
Overall\3226_Night_Scene_30.jpg,30,Night,0.8233195804257321,1.009133093059063
Overall\3215_Night_Scene_30.jpg,30,Night,1.0446344287209213,1.1362633407115936
Overall\3207_Night_Scene_30.jpg,30,Night,0.9942239474058308,0.9700100421905518
Overall\3279_Night_Scene_30.JPG,30,Night,0.996518142902048,0.7831183075904846
Overall\3264_Night_Scene_30.jpg,30,Night,1.1942040805957823,1.0100506395101547
Overall\3234_Night_Scene_30.jpg,30,Night,1.2886886572970229,1.3654946684837341
Overall\3219_Night_Scene_30.jpg,30,Night,1.4416503212330585,1.1153424680233002
Overall\3254_Night_Scene_30.jpg,30,Night,1.4336080564265432,1.1583433151245117
Overall\3243_Night_Scene_30.jpg,30,Night,1.5250326058521435,1.4614379107952118
Overall\3175_Night_Scene_30.jpg,30,Night,1.5504585640927249,1.2260956317186356
Overall\3277_Night_Scene_30.jpg,30,Night,1.5770564713576285,1.4375463724136353
Overall\3187_Night_Scene_30.jpg,30,Night,1.609548653829597,1.2780660688877106
Overall\3267_Night_Scene_30.jpg,30,Night,1.5684213702649308,1.2120868414640427
Overall\3201_Night_Scene_30.jpg,30,Night,1.6385934647755875,1.5063322484493256
Overall\3287_Night_Scene_30.jpg,30,Night,1.5808322737169915,1.1928638070821762
Overall\3203_Night_Scene_30.jpg,30,Night,1.6536176211753084,1.2106198519468307
Overall\3178_Night_Scene_30.jpg,30,Night,1.6708512536402764,1.2925491034984589
Overall\3208_Night_Scene_30.jpg,30,Night,1.609223001969014,0.9334003403782845
Overall\3212_Night_Scene_30.jpg,30,Night,1.912193213303624,1.0266598165035248
Overall\3285_Night_Scene_30.jpg,30,Night,1.9925238335113191,1.2571285218000412
Overall\3236_Night_Scene_30.jpg,30,Night,1.8283261024028472,1.3018869459629059
Overall\3263_Night_Scene_30.jpg,30,Night,2.1786603869876773,0.9757172763347626
Overall\3270_Night_Scene_30.jpg,30,Night,2.4043160747073458,1.4611659348011017
Overall\3268_Night_Scene_30.jpg,30,Night,2.720414064013472,1.501164436340332
Overall\3283_Night_Scene_30.jpg,30,Night,3.070736646882383,1.508282721042633
Overall\3230_Night_Scene_30.jpg,30,Night,2.993439923684379,1.5064099729061127
Overall\3276_Night_Scene_30.jpg,30,Night,3.53624268157272,1.3720259070396423
Overall\3358_Night_Scene_31.jpg,31,Night,-4.925704757694925,-2.7497024536132812
Overall\3321_Night_Scene_31.jpg,31,Night,-4.463648778528767,-2.565113842487335
Overall\3393_Night_Scene_31.jpg,31,Night,-3.7054214283372113,-2.7139007449150085
Overall\3335_Night_Scene_31.jpg,31,Night,-3.5693391726538004,-2.282296359539032
Overall\3295_Night_Scene_31.jpg,31,Night,-3.060059274356412,-2.242837905883789
Overall\3308_Night_Scene_31.jpg,31,Night,-3.0029576160008533,-2.1262404322624207
Overall\3379_Night_Scene_31.jpg,31,Night,-2.8755022063636426,-2.240889012813568
Overall\3355_Night_Scene_31.jpg,31,Night,-2.382124284647679,-2.243782162666321
Overall\3347_Night_Scene_31.jpg,31,Night,-2.170032259726685,-1.6493710279464722
Overall\3320_Night_Scene_31.jpg,31,Night,-2.015738321891368,-1.4566073417663574
Overall\3293_Night_Scene_31.JPG,31,Night,-2.016969155281326,-1.2374942302703857
Overall\3386_Night_Scene_31.JPG,31,Night,-1.685874389582536,-1.0204004049301147
Overall\3297_Night_Scene_31.JPG,31,Night,-1.6538486284403595,-0.9147400259971619
Overall\3374_Night_Scene_31.JPG,31,Night,-1.1287546816206482,-1.034263789653778
Overall\3383_Night_Scene_31.jpg,31,Night,-0.9484293334543876,-0.7129310965538025
Overall\3360_Night_Scene_31.jpg,31,Night,-0.9594648680865512,-1.051642656326294
Overall\3352_Night_Scene_31.jpg,31,Night,-0.9367091128441648,-0.9095085561275482
Overall\3350_Night_Scene_31.JPG,31,Night,-0.8564444117940425,-0.9347666203975677
Overall\3344_Night_Scene_31.jpg,31,Night,-1.64268012511023,-1.4837811589241028
Overall\3385_Night_Scene_31.JPG,31,Night,-0.7618826912812533,-0.4164183437824249
Overall\3377_Night_Scene_31.JPG,31,Night,-0.8170201947493756,-0.5463691204786301
Overall\3332_Night_Scene_31.jpg,31,Night,-0.7540399184379774,-1.0338595509529114
Overall\3306_Night_Scene_31.jpg,31,Night,-0.7698852495333315,-0.7805755436420441
Overall\3364_Night_Scene_31.jpg,31,Night,-0.748967138022794,-0.4680636525154114
Overall\3398_Night_Scene_31.jpg,31,Night,-0.7047496046951378,-0.8544804453849792
Overall\3389_Night_Scene_31.jpg,31,Night,-0.7077072500884473,-1.0030431151390076
Overall\3361_Night_Scene_31.jpg,31,Night,-0.6861311934453158,0.3086056187748909
Overall\3337_Night_Scene_31.jpg,31,Night,-0.6118009122884757,-0.7259093821048737
Overall\3349_Night_Scene_31.jpg,31,Night,-0.5509182609018426,-0.33560632169246674
Overall\3356_Night_Scene_31.jpg,31,Night,-0.5471061681820661,-0.6095490455627441
Overall\3359_Night_Scene_31.jpg,31,Night,-0.5545392879914226,-0.37450023740530014
Overall\3314_Night_Scene_31.jpg,31,Night,-0.5398132647953605,-0.3993091881275177
Overall\3345_Night_Scene_31.JPG,31,Night,-0.3957913850342357,-0.3931932598352432
Overall\3313_Night_Scene_31.jpg,31,Night,-0.43348632172117,-0.21040527522563934
Overall\3318_Night_Scene_31.jpg,31,Night,-0.6554999395387066,-0.23261439055204391
Overall\3394_Night_Scene_31.jpg,31,Night,-0.3806635377109696,-0.5081412643194199
Overall\3322_Night_Scene_31.jpg,31,Night,-0.3527896985880085,0.13649300020188093
Overall\3353_Night_Scene_31.jpg,31,Night,-0.344728542810717,-0.12783053144812584
Overall\3333_Night_Scene_31.jpg,31,Night,-0.2681764571792023,-0.22748048603534698
Overall\3371_Night_Scene_31.jpg,31,Night,-0.2971074048731007,-0.3020477071404457
Overall\3363_Night_Scene_31.jpg,31,Night,-0.2168076739356945,0.14715394377708435
Overall\3328_Night_Scene_31.jpg,31,Night,-0.2724958189396795,0.16078756749629974
Overall\3304_Night_Scene_31.jpg,31,Night,-0.2547624855258107,-0.0889802984893322
Overall\3324_Night_Scene_31.JPG,31,Night,-0.2429281941234438,0.01207856833934784
Overall\3290_Night_Scene_31.jpg,31,Night,-0.2056161987887681,0.04750196635723114
Overall\3330_Night_Scene_31.jpg,31,Night,-0.134833125843416,0.34073515981435776
Overall\3339_Night_Scene_31.jpg,31,Night,-0.1389060040538983,-0.17689332691952586
Overall\3338_Night_Scene_31.jpg,31,Night,-0.1528485212818348,-0.18609928851947188
Overall\3378_Night_Scene_31.jpg,31,Night,-0.1075977518142786,0.34055329114198685
Overall\3343_Night_Scene_31.jpg,31,Night,-0.106727715442245,0.2700706236064434
Overall\3390_Night_Scene_31.jpg,31,Night,-0.0302411949905211,-0.14886441081762314
Overall\3399_Night_Scene_31.jpg,31,Night,-0.3480830715662492,-0.19037095829844475
Overall\3334_Night_Scene_31.jpg,31,Night,-0.0010947062677483,-0.024279780685901642
Overall\3294_Night_Scene_31.jpg,31,Night,0.0656512434974073,0.17918111383914948
Overall\3391_Night_Scene_31.jpg,31,Night,0.0746356649456886,0.23711378872394562
Overall\3299_Night_Scene_31.jpg,31,Night,0.1802624974704315,0.5099847614765167
Overall\3381_Night_Scene_31.jpg,31,Night,0.1617057710425942,0.16868923977017403
Overall\3302_Night_Scene_31.jpg,31,Night,0.0923179313429324,0.2974514216184616
Overall\3370_Night_Scene_31.jpg,31,Night,0.1964102406280554,0.19126687198877335
Overall\3311_Night_Scene_31.jpg,31,Night,0.2494250670962317,0.3591986782848835
Overall\3382_Night_Scene_31.jpg,31,Night,0.2389071290733764,0.2967754267156124
Overall\3326_Night_Scene_31.jpg,31,Night,0.1159944945781729,0.16404880210757256
Overall\3351_Night_Scene_31.jpg,31,Night,0.2471433929371539,0.27786453627049923
Overall\3303_Night_Scene_31.jpg,31,Night,0.2401371101136852,0.450403306633234
Overall\3310_Night_Scene_31.jpg,31,Night,0.2899757180040778,0.5850485861301422
Overall\3292_Night_Scene_31.jpg,31,Night,0.3453799126607862,0.5203855242580175
Overall\3301_Night_Scene_31.jpg,31,Night,0.3075720934024853,0.46815112978219986
Overall\3362_Night_Scene_31.jpg,31,Night,0.5779169586152276,0.5791329145431519
Overall\3373_Night_Scene_31.JPG,31,Night,0.3613320668410985,0.16556776873767376
Overall\3317_Night_Scene_31.jpg,31,Night,0.4463382299332418,0.9319674223661423
Overall\3305_Night_Scene_31.jpg,31,Night,0.5014244258619709,0.8193770796060562
Overall\3298_Night_Scene_31.jpg,31,Night,0.488451452345602,0.84138984978199
Overall\3369_Night_Scene_31.jpg,31,Night,0.5530831655395775,0.8458373993635178
Overall\3316_Night_Scene_31.jpg,31,Night,0.5551280036179329,0.5823344551026821
Overall\3387_Night_Scene_31.jpg,31,Night,0.540598240346571,0.4948088601231575
Overall\3372_Night_Scene_31.jpg,31,Night,0.6224870418906485,0.8480409532785416
Overall\3341_Night_Scene_31.jpg,31,Night,0.6826582330750084,0.6164080277085304
Overall\3327_Night_Scene_31.jpg,31,Night,0.7452607589582195,0.9800722748041153
Overall\3288_Night_Scene_31.jpg,31,Night,0.390014436535691,0.6715802177786827
Overall\3357_Night_Scene_31.jpg,31,Night,0.7349809409424286,1.2561087608337402
Overall\3289_Night_Scene_31.jpg,31,Night,0.7416566175245499,1.3614805936813354
Overall\3315_Night_Scene_31.JPG,31,Night,0.7769789447967183,0.6308730244636536
Overall\3291_Night_Scene_31.jpg,31,Night,0.8128335883376321,1.44447723031044
Overall\3354_Night_Scene_31.jpg,31,Night,0.8535873580319925,1.0028866827487946
Overall\3366_Night_Scene_31.jpg,31,Night,0.8738398659357022,0.9471701681613922
Overall\3395_Night_Scene_31.jpg,31,Night,0.8160131409560495,1.0114237368106842
Overall\3346_Night_Scene_31.jpg,31,Night,0.940862310870514,1.534517914056778
Overall\3336_Night_Scene_31.jpg,31,Night,0.9399990916829808,0.7884105667471886
Overall\3376_Night_Scene_31.jpg,31,Night,0.9784164075274508,0.8278704881668091
Overall\3348_Night_Scene_31.jpg,31,Night,1.0458004680958997,0.7741122096776962
Overall\3375_Night_Scene_31.jpg,31,Night,1.0341204476627954,0.759330540895462
Overall\3331_Night_Scene_31.JPG,31,Night,1.0308477589248743,0.5326285436749458
Overall\3392_Night_Scene_31.jpg,31,Night,1.087503129153233,0.7560750097036362
Overall\3365_Night_Scene_31.jpg,31,Night,1.1531505362785064,1.2581737637519836
Overall\3380_Night_Scene_31.jpg,31,Night,1.1807896436275964,1.062697634100914
Overall\3323_Night_Scene_31.jpg,31,Night,1.220215475351296,0.9526684284210205
Overall\3388_Night_Scene_31.jpg,31,Night,1.2221659879849536,0.8749369978904724
Overall\3368_Night_Scene_31.jpg,31,Night,1.3795162831590684,1.8213251829147339
Overall\3312_Night_Scene_31.jpg,31,Night,1.3633516802681478,1.2113835513591766
Overall\3397_Night_Scene_31.jpg,31,Night,1.567144745234867,1.4252287149429321
Overall\3329_Night_Scene_31.jpg,31,Night,1.3435395019672338,1.4252277314662933
Overall\3340_Night_Scene_31.jpg,31,Night,1.5842809473732191,1.1576153635978699
Overall\3307_Night_Scene_31.jpg,31,Night,1.561083426455421,1.5468765497207642
Overall\3296_Night_Scene_31.jpg,31,Night,1.6869175414343995,1.4752199947834015
Overall\3367_Night_Scene_31.jpg,31,Night,1.988732521271027,2.1877413988113403
Overall\3300_Night_Scene_31.jpg,31,Night,2.2759079557775515,1.5512354969978333
Overall\3384_Night_Scene_31.jpg,31,Night,2.3867522288988714,1.581593006849289
Overall\3309_Night_Scene_31.jpg,31,Night,2.431276062204573,1.9093323349952698
Overall\3342_Night_Scene_31.jpg,31,Night,2.662612457660268,1.7842334508895874
Overall\3325_Night_Scene_31.jpg,31,Night,2.9545269931477813,1.1576186120510101
Overall\3396_Night_Scene_31.jpg,31,Night,3.099785414376488,2.498463213443756
Overall\3319_Night_Scene_31.jpg,31,Night,3.0960489375901314,2.1848737597465515
Overall\3618_Outdoor_Scene_33.jpg,33,Outdoor,-3.0614199832234665,-0.16638167947530746
Overall\3527_Outdoor_Scene_33.jpg,33,Outdoor,-2.8517801745082783,1.3340164721012115
Overall\3580_Outdoor_Scene_33.jpg,33,Outdoor,-3.090342654355189,0.2228037491440773
Overall\3566_Outdoor_Scene_33.jpg,33,Outdoor,-2.564955031245796,1.2885560393333435
Overall\3571_Outdoor_Scene_33.jpg,33,Outdoor,-2.386426207347563,0.34411852434277534
Overall\3577_Outdoor_Scene_33.jpg,33,Outdoor,-2.473852217098668,-0.349720761179924
Overall\3586_Outdoor_Scene_33.jpg,33,Outdoor,-2.377778476751543,0.5173434689640999
Overall\3531_Outdoor_Scene_33.jpg,33,Outdoor,-2.322162921866545,0.5288771912455559
Overall\3614_Outdoor_Scene_33.jpg,33,Outdoor,-2.049053559757739,0.717078909277916
Overall\3587_Outdoor_Scene_33.jpg,33,Outdoor,-1.9171476119886568,1.3235929012298584
Overall\3532_Outdoor_Scene_33.jpg,33,Outdoor,-1.71598456505332,0.6233782917261124
Overall\3519_Outdoor_Scene_33.jpg,33,Outdoor,-1.7915261915838454,0.5339424908161163
Overall\3506_Outdoor_Scene_33.jpg,33,Outdoor,-1.679520715608107,0.5692825578153133
Overall\3574_Outdoor_Scene_33.jpg,33,Outdoor,-1.6211014129102,0.7545639723539352
Overall\3570_Outdoor_Scene_33.jpg,33,Outdoor,-1.6942614286864897,0.6680835336446762
Overall\3533_Outdoor_Scene_33.jpg,33,Outdoor,-1.5688401086320598,0.45277266204357147
Overall\3609_Outdoor_Scene_33.jpg,33,Outdoor,-1.8454437712443783,0.7875091135501862
Overall\3564_Outdoor_Scene_33.jpg,33,Outdoor,-1.552498037013189,1.092314064502716
Overall\3608_Outdoor_Scene_33.jpg,33,Outdoor,-1.389932714383152,1.222430408000946
Overall\3555_Outdoor_Scene_33.jpeg,33,Outdoor,-1.3333776270824356,1.2626796662807465
Overall\3565_Outdoor_Scene_33.jpg,33,Outdoor,-1.2222059184427458,1.0077542066574097
Overall\3616_Outdoor_Scene_33.jpg,33,Outdoor,-1.396923591906438,0.5149005427956581
Overall\3546_Outdoor_Scene_33.jpg,33,Outdoor,-1.1468766414252498,0.9770327210426331
Overall\3572_Outdoor_Scene_33.jpg,33,Outdoor,-1.2797688982386095,1.0657601058483124
Overall\3610_Outdoor_Scene_33.jpg,33,Outdoor,-1.0588178227121834,1.3013771772384644
Overall\3598_Outdoor_Scene_33.JPG,33,Outdoor,-1.0969203233000857,0.857142761349678
Overall\3603_Outdoor_Scene_33.jpg,33,Outdoor,-1.1829374044441507,0.5803748220205307
Overall\3617_Outdoor_Scene_33.jpg,33,Outdoor,-1.1357006931238431,0.7074691876769066
Overall\3583_Outdoor_Scene_33.jpg,33,Outdoor,-1.094316090524827,1.2266364991664886
Overall\3524_Outdoor_Scene_33.jpg,33,Outdoor,-0.9605241882334749,1.2789063155651093
Overall\3522_Outdoor_Scene_33.jpg,33,Outdoor,-1.1353464988519113,0.7713875770568848
Overall\3611_Outdoor_Scene_33.jpg,33,Outdoor,-1.0714650186173331,1.2789113819599152
Overall\3552_Outdoor_Scene_33.jpg,33,Outdoor,-0.7620376794319595,1.2488353252410889
Overall\3554_Outdoor_Scene_33.jpg,33,Outdoor,-0.709186028773474,1.0054996311664581
Overall\3530_Outdoor_Scene_33.jpg,33,Outdoor,-0.5852810045521516,1.2459310591220856
Overall\3593_Outdoor_Scene_33.jpg,33,Outdoor,-0.6142331753833036,1.9603404700756073
Overall\3503_Outdoor_Scene_33.JPG,33,Outdoor,-0.5856944794468204,0.9719489514827728
Overall\3556_Outdoor_Scene_33.JPG,33,Outdoor,-0.5355557813843651,0.8564108908176422
Overall\3568_Outdoor_Scene_33.jpg,33,Outdoor,-0.612846567819156,1.3582803905010223
Overall\3517_Outdoor_Scene_33.jpg,33,Outdoor,-0.7007144949977429,0.4318862855434418
Overall\3607_Outdoor_Scene_33.jpg,33,Outdoor,-0.5443947685851412,0.755355566740036
Overall\3590_Outdoor_Scene_33.jpg,33,Outdoor,-0.5384056995915717,1.8104945719242096
Overall\3544_Outdoor_Scene_33.JPG,33,Outdoor,-0.6194363336984136,1.2833461165428162
Overall\3591_Outdoor_Scene_33.jpg,33,Outdoor,-0.4753715954143201,1.3839672803878784
Overall\3549_Outdoor_Scene_33.jpg,33,Outdoor,-0.4322117830694329,0.8732538968324661
Overall\3553_Outdoor_Scene_33.jpg,33,Outdoor,-0.4246496313916574,1.8030610084533691
Overall\3615_Outdoor_Scene_33.jpg,33,Outdoor,-0.3736923067549973,0.7373751699924469
Overall\3563_Outdoor_Scene_33.jpg,33,Outdoor,-0.4525886585742227,1.5574207603931427
Overall\3579_Outdoor_Scene_33.jpg,33,Outdoor,-0.3701888237549521,1.2274326086044312
Overall\3581_Outdoor_Scene_33.jpg,33,Outdoor,-0.4580653244146777,1.1605856865644455
Overall\3560_Outdoor_Scene_33.JPG,33,Outdoor,-0.3143888047878726,1.1885145008563995
Overall\3589_Outdoor_Scene_33.jpg,33,Outdoor,-0.2534811013059335,1.1407242715358734
Overall\3562_Outdoor_Scene_33.jpg,33,Outdoor,-0.3100442894776653,0.7446748465299606
Overall\3507_Outdoor_Scene_33.tiff,33,Outdoor,-0.2523860888191775,1.0340211540460587
Overall\3500_Outdoor_Scene_33.jpeg,33,Outdoor,-0.2967835439645669,1.1321351826190948
Overall\3526_Outdoor_Scene_33.jpg,33,Outdoor,-0.1927869161595132,1.6546203196048737
Overall\3515_Outdoor_Scene_33.jpg,33,Outdoor,-0.1611540315103766,1.401093602180481
Overall\3528_Outdoor_Scene_33.jpg,33,Outdoor,-0.0947344921467417,1.355978399515152
Overall\3588_Outdoor_Scene_33.jpg,33,Outdoor,-0.0232003992331172,1.258821189403534
Overall\3523_Outdoor_Scene_33.jpg,33,Outdoor,-0.1113816758840841,1.6988255083560944
Overall\3578_Outdoor_Scene_33.jpg,33,Outdoor,-0.0404581098581476,1.2737115919589996
Overall\3535_Outdoor_Scene_33.jpg,33,Outdoor,0.2745963027604261,1.7424893379211426
Overall\3602_Outdoor_Scene_33.jpg,33,Outdoor,0.0114280792658877,1.2294480204582214
Overall\3542_Outdoor_Scene_33.jpg,33,Outdoor,0.0627951207189315,1.8141752481460571
Overall\3502_Outdoor_Scene_33.JPG,33,Outdoor,0.0778261820146225,1.4622209072113037
Overall\3604_Outdoor_Scene_33.jpg,33,Outdoor,0.1863296931437896,1.029929280281067
Overall\3525_Outdoor_Scene_33.jpg,33,Outdoor,0.2118045600665336,1.4132172465324402
Overall\3592_Outdoor_Scene_33.jpg,33,Outdoor,0.2225062043774061,1.495621681213379
Overall\3504_Outdoor_Scene_33.JPG,33,Outdoor,0.1641616306988352,1.4017860293388367
Overall\3559_Outdoor_Scene_33.jpeg,33,Outdoor,0.5017812890552162,1.559710055589676
Overall\3584_Outdoor_Scene_33.jpg,33,Outdoor,0.2012503245502914,1.5002765953540802
Overall\3601_Outdoor_Scene_33.JPG,33,Outdoor,0.2686850167860607,1.415590077638626
Overall\3612_Outdoor_Scene_33.jpg,33,Outdoor,0.2609122007182728,1.3678496181964874
Overall\3521_Outdoor_Scene_33.jpg,33,Outdoor,0.2630139242797735,1.2960415184497833
Overall\3582_Outdoor_Scene_33.jpg,33,Outdoor,0.550929618063565,1.5369318127632141
Overall\3599_Outdoor_Scene_33.JPG,33,Outdoor,0.4427203255407608,1.312239408493042
Overall\3576_Outdoor_Scene_33.JPG,33,Outdoor,0.4968837493417521,1.3835775256156921
Overall\3550_Outdoor_Scene_33.jpg,33,Outdoor,0.536352682500212,1.7781115472316742
Overall\3508_Outdoor_Scene_33.jpg,33,Outdoor,0.5678695472131181,0.9860149770975113
Overall\3606_Outdoor_Scene_33.jpg,33,Outdoor,0.6661511651207598,1.4487964808940887
Overall\3520_Outdoor_Scene_33.jpg,33,Outdoor,0.7596294475695131,1.7394075095653534
Overall\3547_Outdoor_Scene_33.jpg,33,Outdoor,0.806779876157746,1.4284592270851135
Overall\3538_Outdoor_Scene_33.jpg,33,Outdoor,0.8434025957130988,1.6004134714603424
Overall\3518_Outdoor_Scene_33.jpg,33,Outdoor,0.8553148266046023,1.5882765054702759
Overall\3569_Outdoor_Scene_33.jpg,33,Outdoor,0.8955546647331448,1.6779019832611084
Overall\3605_Outdoor_Scene_33.jpg,33,Outdoor,1.089019667463315,1.4046975076198578
Overall\3596_Outdoor_Scene_33.jpg,33,Outdoor,1.0561284076548785,1.874575287103653
Overall\3537_Outdoor_Scene_33.jpg,33,Outdoor,1.0682951502703018,1.4997170269489288
Overall\3545_Outdoor_Scene_33.JPG,33,Outdoor,1.08230996651159,1.6881780922412872
Overall\3561_Outdoor_Scene_33.jpeg,33,Outdoor,1.1111153134635887,1.991805374622345
Overall\3548_Outdoor_Scene_33.jpg,33,Outdoor,0.9057146927563268,1.5924758911132812
Overall\3509_Outdoor_Scene_33.jpg,33,Outdoor,1.142460679518239,1.5928772687911987
Overall\3516_Outdoor_Scene_33.jpg,33,Outdoor,1.316510720678789,2.1363348960876465
Overall\3541_Outdoor_Scene_33.jpg,33,Outdoor,1.1879441384431806,1.912197470664978
Overall\3585_Outdoor_Scene_33.jpg,33,Outdoor,1.2628875124773151,1.2338234931230545
Overall\3595_Outdoor_Scene_33.jpg,33,Outdoor,1.2471324166346145,2.0472696721553802
Overall\3514_Outdoor_Scene_33.jpg,33,Outdoor,1.2681784684793518,1.3742318153381348
Overall\3539_Outdoor_Scene_33.jpg,33,Outdoor,1.3478776717868248,2.0546284914016724
Overall\3534_Outdoor_Scene_33.jpg,33,Outdoor,1.3813514950412416,1.3956595063209534
Overall\3558_Outdoor_Scene_33.JPG,33,Outdoor,1.525515702705654,1.8872311115264893
Overall\3510_Outdoor_Scene_33.jpg,33,Outdoor,1.4298125656577547,1.6788628101348877
Overall\3567_Outdoor_Scene_33.jpg,33,Outdoor,1.523206144323027,2.047551155090332
Overall\3501_Outdoor_Scene_33.jpeg,33,Outdoor,1.482266494532811,1.7032195031642914
Overall\3557_Outdoor_Scene_33.JPG,33,Outdoor,1.4529178796618896,1.8776101469993591
Overall\3575_Outdoor_Scene_33.jpg,33,Outdoor,1.599482428960115,2.0921387672424316
Overall\3613_Outdoor_Scene_33.jpg,33,Outdoor,1.7288743633465704,1.8625804483890533
Overall\3511_Outdoor_Scene_33.jpg,33,Outdoor,1.6554717168702209,1.760010838508606
Overall\3600_Outdoor_Scene_33.JPG,33,Outdoor,1.8274145980764165,1.2911749482154846
Overall\3594_Outdoor_Scene_33.jpg,33,Outdoor,1.965966856784909,1.9242222309112549
Overall\3573_Outdoor_Scene_33.jpg,33,Outdoor,2.037420109395987,1.9598225951194763
Overall\3540_Outdoor_Scene_33.jpg,33,Outdoor,1.9679881790876608,1.5150269567966461
Overall\3529_Outdoor_Scene_33.jpg,33,Outdoor,2.016678763117071,1.8943901658058167
Overall\3513_Outdoor_Scene_33.jpg,33,Outdoor,2.149089338152595,1.805267184972763
Overall\3505_Outdoor_Scene_33.JPG,33,Outdoor,2.1542238286647297,2.3042061924934387
Overall\3536_Outdoor_Scene_33.jpg,33,Outdoor,2.2164549624465075,1.6908543705940247
Overall\3551_Outdoor_Scene_33.jpg,33,Outdoor,2.6772609673492056,1.6319357454776764
Overall\3512_Outdoor_Scene_33.jpg,33,Outdoor,2.947105461840365,2.0424911975860596
Overall\3597_Outdoor_Scene_33.jpg,33,Outdoor,2.380379677922833,1.7497588992118835
Overall\3543_Outdoor_Scene_33.JPG,33,Outdoor,3.581426723276827,1.5327237844467163
Overall\3663_Outdoor_Scene_34.jpg,34,Outdoor,-4.266850701129473,0.2679288014769554
Overall\3621_Outdoor_Scene_34.jpg,34,Outdoor,-3.642775734126134,0.2303624888882041
Overall\3661_Outdoor_Scene_34.jpg,34,Outdoor,-3.162603684929778,0.7192604690790176
Overall\3659_Outdoor_Scene_34.jpg,34,Outdoor,-2.1913037025597584,0.8327406346797943
Overall\3619_Outdoor_Scene_34.jpg,34,Outdoor,-2.010444701249771,0.9817641973495483
Overall\3637_Outdoor_Scene_34.jpg,34,Outdoor,-1.686137168971114,0.9218011647462845
Overall\3620_Outdoor_Scene_34.jpg,34,Outdoor,-1.2537186188640417,1.0818235874176025
Overall\3652_Outdoor_Scene_34.JPG,34,Outdoor,-1.1576483938906226,1.4348001778125763
Overall\3644_Outdoor_Scene_34.jpg,34,Outdoor,-0.931738227347207,1.1282650530338287
Overall\3646_Outdoor_Scene_34.jpg,34,Outdoor,-0.703088500873437,1.4093889594078064
Overall\3647_Outdoor_Scene_34.jpg,34,Outdoor,-0.7150203052532138,1.3976255059242249
Overall\3658_Outdoor_Scene_34.jpg,34,Outdoor,-0.7046068176565832,1.549368143081665
Overall\3640_Outdoor_Scene_34.tiff,34,Outdoor,-0.6732744348015028,1.6479025781154633
Overall\3662_Outdoor_Scene_34.jpg,34,Outdoor,-0.6503581730331178,1.636256843805313
Overall\3636_Outdoor_Scene_34.jpg,34,Outdoor,-0.6069969186779525,1.4827679097652435
Overall\3642_Outdoor_Scene_34.JPG,34,Outdoor,-0.5707985455740607,1.6284881830215454
Overall\3651_Outdoor_Scene_34.jpg,34,Outdoor,-0.4629757512626126,1.389728456735611
Overall\3645_Outdoor_Scene_34.JPG,34,Outdoor,-0.208712478856689,1.6166797876358032
Overall\3657_Outdoor_Scene_34.jpg,34,Outdoor,0.0182176572652597,1.2390196025371552
Overall\3623_Outdoor_Scene_34.JPG,34,Outdoor,0.048700035842521,1.6446378231048584
Overall\3625_Outdoor_Scene_34.jpg,34,Outdoor,0.1173350053947459,1.6103656888008118
Overall\3626_Outdoor_Scene_34.jpg,34,Outdoor,0.3253465847221523,1.8449710607528687
Overall\3622_Outdoor_Scene_34.JPG,34,Outdoor,0.3454925184758029,1.9185729622840881
Overall\3643_Outdoor_Scene_34.tiff,34,Outdoor,0.3864990319356268,1.7997455596923828
Overall\3641_Outdoor_Scene_34.jpg,34,Outdoor,0.7197821599525978,1.8157984018325806
Overall\3638_Outdoor_Scene_34.jpg,34,Outdoor,0.7546545018571401,1.6594950556755066
Overall\3627_Outdoor_Scene_34.jpg,34,Outdoor,0.7810649911832531,1.9382479786872864
Overall\3655_Outdoor_Scene_34.jpg,34,Outdoor,0.8546608576090846,1.8715901374816895
Overall\3654_Outdoor_Scene_34.JPG,34,Outdoor,0.9007842427466892,2.0071365237236023
Overall\3630_Outdoor_Scene_34.jpg,34,Outdoor,0.9384190932788984,2.0163668990135193
Overall\3656_Outdoor_Scene_34.jpg,34,Outdoor,0.949389096204898,1.6831095516681671
Overall\3632_Outdoor_Scene_34.jpg,34,Outdoor,0.972250253680361,1.8850356936454773
Overall\3649_Outdoor_Scene_34.jpg,34,Outdoor,0.9580569046639734,1.9723474383354187
Overall\3660_Outdoor_Scene_34.jpg,34,Outdoor,1.070600218627406,1.7084104716777802
Overall\3631_Outdoor_Scene_34.jpg,34,Outdoor,1.082710319037033,1.8831809163093567
Overall\3650_Outdoor_Scene_34.JPG,34,Outdoor,1.0852310055873264,1.9175336956977844
Overall\3639_Outdoor_Scene_34.jpg,34,Outdoor,1.0745555320444995,1.8363737761974335
Overall\3633_Outdoor_Scene_34.jpg,34,Outdoor,1.27108469630571,1.7165782749652863
Overall\3629_Outdoor_Scene_34.jpg,34,Outdoor,1.3575921427443054,1.8174229264259338
Overall\3624_Outdoor_Scene_34.jpg,34,Outdoor,1.4128221989042622,2.0039082765579224
Overall\3653_Outdoor_Scene_34.jpg,34,Outdoor,1.4195580469169793,1.733315110206604
Overall\3635_Outdoor_Scene_34.jpg,34,Outdoor,1.51879419355097,1.8312518000602722
Overall\3648_Outdoor_Scene_34.jpg,34,Outdoor,1.656339730439765,1.9723476767539978
Overall\3628_Outdoor_Scene_34.jpg,34,Outdoor,1.7068957294020837,1.8123647570610046
Overall\3634_Outdoor_Scene_34.jpg,34,Outdoor,1.872216110683722,1.7708590626716614
Overall\4437_Outdoor_Scene_43.JPG,43,Outdoor,-4.468446108866096,-0.3485270217061043
Overall\4431_Outdoor_Scene_43.jpg,43,Outdoor,-3.2477991607390915,0.45917975902557373
Overall\4510_Outdoor_Scene_43.jpg,43,Outdoor,-3.852936742248963,-0.3994454890489578
Overall\4542_Outdoor_Scene_43.jpg,43,Outdoor,-2.7214626478859727,0.19584299623966217
Overall\4444_Outdoor_Scene_43.jpg,43,Outdoor,-2.531152291394222,0.5106303729116917
Overall\4509_Outdoor_Scene_43.jpg,43,Outdoor,-2.5933727897969963,0.15113325417041779
Overall\4522_Outdoor_Scene_43.jpg,43,Outdoor,-2.3986014485259304,0.012867674231529236
Overall\4516_Outdoor_Scene_43.jpg,43,Outdoor,-2.5295700737610183,0.161065012216568
Overall\4459_Outdoor_Scene_43.jpg,43,Outdoor,-2.4669772338531586,1.2678363919258118
Overall\4483_Outdoor_Scene_43.jpg,43,Outdoor,-2.273658668824521,0.1582888439297676
Overall\4528_Outdoor_Scene_43.jpg,43,Outdoor,-1.9582545529684507,0.14842069149017334
Overall\4507_Outdoor_Scene_43.jpg,43,Outdoor,-1.86520315091386,0.6414979579858482
Overall\4456_Outdoor_Scene_43.jpg,43,Outdoor,-1.6905972666472204,0.8343039453029633
Overall\4479_Outdoor_Scene_43.jpg,43,Outdoor,-1.64194007070483,0.948623925447464
Overall\4499_Outdoor_Scene_43.jpg,43,Outdoor,-1.7245346300398163,0.3863506093621254
Overall\4532_Outdoor_Scene_43.jpg,43,Outdoor,-1.3928617249364592,0.764751985669136
Overall\4535_Outdoor_Scene_43.jpg,43,Outdoor,-1.4175307435149591,0.7850829213857651
Overall\4430_Outdoor_Scene_43.jpg,43,Outdoor,-1.4659936156491955,0.43828700110316277
Overall\4496_Outdoor_Scene_43.jpg,43,Outdoor,-1.4118065725687383,0.5080328956246376
Overall\4471_Outdoor_Scene_43.jpg,43,Outdoor,-1.341297382972158,0.9871680438518524
Overall\4524_Outdoor_Scene_43.jpg,43,Outdoor,-1.3008816962333745,0.4081152528524399
Overall\4529_Outdoor_Scene_43.jpg,43,Outdoor,-1.3368263015177853,0.33960134629160166
Overall\4520_Outdoor_Scene_43.jpg,43,Outdoor,-1.4102935433742303,0.2531351149082184
Overall\4470_Outdoor_Scene_43.jpg,43,Outdoor,-1.1150226319936507,0.9884959161281586
Overall\4539_Outdoor_Scene_43.jpg,43,Outdoor,-1.019219413107984,0.841452568769455
Overall\4536_Outdoor_Scene_43.jpg,43,Outdoor,-0.9669868243114572,1.2842983901500702
Overall\4482_Outdoor_Scene_43.jpg,43,Outdoor,-0.7873425317947415,0.8635521680116653
Overall\4478_Outdoor_Scene_43.jpg,43,Outdoor,-0.9015454230835638,1.4097070097923279
Overall\4497_Outdoor_Scene_43.jpg,43,Outdoor,-0.8592640817208865,1.1721923798322678
Overall\4511_Outdoor_Scene_43.jpg,43,Outdoor,-0.6897033003029006,1.311314582824707
Overall\4549_Outdoor_Scene_43.jpg,43,Outdoor,-0.6614859804713438,1.1258291006088257
Overall\4462_Outdoor_Scene_43.jpg,43,Outdoor,-0.7452611422797489,1.3892705738544464
Overall\4541_Outdoor_Scene_43.jpg,43,Outdoor,-0.7100549793034515,1.1418423354625702
Overall\4530_Outdoor_Scene_43.jpg,43,Outdoor,-0.6746250542594187,1.7066395580768585
Overall\4538_Outdoor_Scene_43.jpg,43,Outdoor,-0.6402884032012469,1.1776403933763504
Overall\4494_Outdoor_Scene_43.jpg,43,Outdoor,-0.5803528111777757,1.3159545361995697
Overall\4475_Outdoor_Scene_43.jpg,43,Outdoor,-0.5504292956136697,1.066836029291153
Overall\4500_Outdoor_Scene_43.jpg,43,Outdoor,-0.5199965356714564,1.0012827962636948
Overall\4445_Outdoor_Scene_43.jpg,43,Outdoor,-0.5307892797145787,1.3784087002277374
Overall\4485_Outdoor_Scene_43.jpg,43,Outdoor,-0.4755683492680964,1.4913905262947083
Overall\4481_Outdoor_Scene_43.jpg,43,Outdoor,-0.6792317606946511,1.179741159081459
Overall\4490_Outdoor_Scene_43.jpg,43,Outdoor,-0.5006682399290251,1.2341791540384293
Overall\4449_Outdoor_Scene_43.jpg,43,Outdoor,-0.5238792583205766,1.4283366799354553
Overall\4442_Outdoor_Scene_43.jpg,43,Outdoor,-0.5085729325781267,1.5326952934265137
Overall\4519_Outdoor_Scene_43.jpg,43,Outdoor,-0.5513310240149322,0.9908888190984726
Overall\4515_Outdoor_Scene_43.jpg,43,Outdoor,-0.5144381472689789,0.8951722085475922
Overall\4518_Outdoor_Scene_43.jpg,43,Outdoor,-0.4563720695429819,1.7053049802780151
Overall\4473_Outdoor_Scene_43.jpg,43,Outdoor,-0.3802239662641805,1.2038796544075012
Overall\4426_Outdoor_Scene_43.jpg,43,Outdoor,-0.359449766077841,2.182608425617218
Overall\4505_Outdoor_Scene_43.JPG,43,Outdoor,-0.3194639694990656,1.562783807516098
Overall\4534_Outdoor_Scene_43.jpg,43,Outdoor,-0.3360446957508297,0.8329967856407166
Overall\4443_Outdoor_Scene_43.jpg,43,Outdoor,-0.2894249117816189,1.4016086161136627
Overall\4487_Outdoor_Scene_43.jpg,43,Outdoor,-0.3584371661852269,0.9604740142822266
Overall\4504_Outdoor_Scene_43.jpg,43,Outdoor,-0.2603544083944681,1.2664750665426254
Overall\4543_Outdoor_Scene_43.JPG,43,Outdoor,-0.2936784819476181,1.0450239181518555
Overall\4523_Outdoor_Scene_43.JPG,43,Outdoor,-0.3296358233502531,1.0724801421165466
Overall\4452_Outdoor_Scene_43.jpg,43,Outdoor,-0.2004266614573303,1.2503478229045868
Overall\4466_Outdoor_Scene_43.jpg,43,Outdoor,0.0670447688045079,2.015936553478241
Overall\4548_Outdoor_Scene_43.jpg,43,Outdoor,-0.2153236510922798,1.0267600417137146
Overall\4514_Outdoor_Scene_43.JPG,43,Outdoor,-0.1138080355155104,1.148050218820572
Overall\4448_Outdoor_Scene_43.jpg,43,Outdoor,-0.1342271500603225,1.5758199393749237
Overall\4428_Outdoor_Scene_43.jpg,43,Outdoor,-0.0461112167581648,1.6410927772521973
Overall\4506_Outdoor_Scene_43.jpg,43,Outdoor,-0.1725872838686429,1.2639330178499222
Overall\4439_Outdoor_Scene_43.jpg,43,Outdoor,-0.0295603264595845,1.3264373540878296
Overall\4434_Outdoor_Scene_43.jpg,43,Outdoor,0.0560176178708424,1.4281744360923767
Overall\4484_Outdoor_Scene_43.jpg,43,Outdoor,0.0656281299927689,1.4764367640018463
Overall\4527_Outdoor_Scene_43.jpg,43,Outdoor,0.0709966382457414,1.1356177926063538
Overall\4508_Outdoor_Scene_43.jpg,43,Outdoor,0.1800977516445675,1.3693281412124634
Overall\4460_Outdoor_Scene_43.jpg,43,Outdoor,0.2928586048436308,1.4316103160381317
Overall\4545_Outdoor_Scene_43.jpg,43,Outdoor,0.372379859240479,2.0731027722358704
Overall\4472_Outdoor_Scene_43.jpg,43,Outdoor,0.4101765431347228,1.4007098376750946
Overall\4432_Outdoor_Scene_43.jpg,43,Outdoor,0.410302630852702,1.7010769546031952
Overall\4486_Outdoor_Scene_43.jpg,43,Outdoor,0.4035039521037614,2.120978534221649
Overall\4467_Outdoor_Scene_43.jpg,43,Outdoor,0.6617038784228382,1.7983295917510986
Overall\4526_Outdoor_Scene_43.JPG,43,Outdoor,0.6301704155341845,1.9637194275856018
Overall\4441_Outdoor_Scene_43.jpg,43,Outdoor,0.6588377747160981,2.430857837200165
Overall\4457_Outdoor_Scene_43.jpg,43,Outdoor,0.5877052323609193,1.5836226344108582
Overall\4480_Outdoor_Scene_43.jpg,43,Outdoor,0.5889356309265671,1.556192547082901
Overall\4540_Outdoor_Scene_43.JPG,43,Outdoor,0.6059049375660785,1.9814195036888123
Overall\4493_Outdoor_Scene_43.jpg,43,Outdoor,0.7017587380781424,1.7484330236911774
Overall\4491_Outdoor_Scene_43.jpg,43,Outdoor,0.5989373911706555,1.746325135231018
Overall\4501_Outdoor_Scene_43.jpg,43,Outdoor,0.6831761511986454,1.6299869418144226
Overall\4461_Outdoor_Scene_43.jpg,43,Outdoor,0.7508250480018797,1.9444469213485718
Overall\4489_Outdoor_Scene_43.jpg,43,Outdoor,0.765839286524812,2.1620208621025085
Overall\4440_Outdoor_Scene_43.jpg,43,Outdoor,0.6914273444169894,1.8616816997528076
Overall\4512_Outdoor_Scene_43.jpg,43,Outdoor,0.7839354671749835,1.9143232703208923
Overall\4454_Outdoor_Scene_43.jpg,43,Outdoor,0.8148272843661428,1.6848191320896149
Overall\4474_Outdoor_Scene_43.jpg,43,Outdoor,0.829068667977805,2.192030668258667
Overall\4464_Outdoor_Scene_43.JPG,43,Outdoor,0.8450702779029027,1.9884965121746063
Overall\4427_Outdoor_Scene_43.jpg,43,Outdoor,0.8503900810316553,2.2017003893852234
Overall\4429_Outdoor_Scene_43.jpg,43,Outdoor,0.9022520962993554,1.705339938402176
Overall\4544_Outdoor_Scene_43.jpg,43,Outdoor,1.023277410992515,1.6747738718986511
Overall\4502_Outdoor_Scene_43.JPG,43,Outdoor,0.9459301375693852,1.4985345304012299
Overall\4468_Outdoor_Scene_43.jpg,43,Outdoor,0.8984456633741856,1.6223976910114288
Overall\4537_Outdoor_Scene_43.jpg,43,Outdoor,0.895876120189379,1.8849779665470123
Overall\4521_Outdoor_Scene_43.jpg,43,Outdoor,1.026081448043099,1.9914860129356384
Overall\4525_Outdoor_Scene_43.jpg,43,Outdoor,1.0930324498688608,1.7945370972156525
Overall\4436_Outdoor_Scene_43.jpg,43,Outdoor,1.093905729664978,2.6536948680877686
Overall\4435_Outdoor_Scene_43.jpg,43,Outdoor,1.2210487399981658,2.3303590416908264
Overall\4517_Outdoor_Scene_43.jpg,43,Outdoor,1.0571079194242043,1.896519660949707
Overall\4531_Outdoor_Scene_43.jpg,43,Outdoor,1.1572044655212943,1.7735483944416046
Overall\4477_Outdoor_Scene_43.jpg,43,Outdoor,1.1423184714712789,2.241395056247711
Overall\4469_Outdoor_Scene_43.jpg,43,Outdoor,1.2807856112707054,1.934991180896759
Overall\4453_Outdoor_Scene_43.jpg,43,Outdoor,1.450656368536834,2.1255972385406494
Overall\4450_Outdoor_Scene_43.jpg,43,Outdoor,1.3232279770616782,2.2222015261650085
Overall\4550_Outdoor_Scene_43.jpg,43,Outdoor,1.335719638178307,2.0433859527111053
Overall\4463_Outdoor_Scene_43.jpg,43,Outdoor,1.3703859227072008,2.287579596042633
Overall\4476_Outdoor_Scene_43.jpg,43,Outdoor,1.493445515654982,2.075628638267517
Overall\4451_Outdoor_Scene_43.jpg,43,Outdoor,1.4550519902609416,2.064764678478241
Overall\4495_Outdoor_Scene_43.jpg,43,Outdoor,1.4373408376417978,2.3370901346206665
Overall\4546_Outdoor_Scene_43.jpg,43,Outdoor,1.5522795576829502,2.103014349937439
Overall\4433_Outdoor_Scene_43.jpg,43,Outdoor,1.642899377682782,2.3911470770835876
Overall\4446_Outdoor_Scene_43.jpg,43,Outdoor,1.6658119784355716,2.4680482149124146
Overall\4455_Outdoor_Scene_43.jpg,43,Outdoor,1.6850180220495503,2.189867615699768
Overall\4488_Outdoor_Scene_43.jpg,43,Outdoor,1.6985295393097382,2.3041303753852844
Overall\4492_Outdoor_Scene_43.jpg,43,Outdoor,1.6591682534571752,2.205412983894348
Overall\4438_Outdoor_Scene_43.jpg,43,Outdoor,1.8132510370570345,2.2508174777030945
Overall\4465_Outdoor_Scene_43.jpg,43,Outdoor,1.993641528066041,2.2498223781585693
Overall\4547_Outdoor_Scene_43.jpg,43,Outdoor,1.9345932377199275,2.018932819366455
Overall\4503_Outdoor_Scene_43.jpg,43,Outdoor,2.0224038472793384,2.4571405053138733
Overall\4447_Outdoor_Scene_43.jpg,43,Outdoor,2.034510845160299,2.0742581486701965
Overall\4513_Outdoor_Scene_43.jpg,43,Outdoor,2.642027955240456,2.252283036708832
Overall\4498_Outdoor_Scene_43.jpg,43,Outdoor,2.913873079952976,2.180938959121704
Overall\4533_Outdoor_Scene_43.jpg,43,Outdoor,2.6085977929359947,2.458598554134369
Overall\4458_Outdoor_Scene_43.jpg,43,Outdoor,3.195964732161224,2.0358752608299255
Overall\4734_Outdoor_Scene_45.JPG,45,Outdoor,-3.332284930970586,0.44882917404174805
Overall\4713_Outdoor_Scene_45.tiff,45,Outdoor,-3.0476668572482155,0.554919395595789
Overall\4735_Outdoor_Scene_45.jpg,45,Outdoor,-2.566822115292829,0.41990455240011215
Overall\4742_Outdoor_Scene_45.jpg,45,Outdoor,-2.512016129203368,0.12087205797433853
Overall\4681_Outdoor_Scene_45.jpg,45,Outdoor,-2.540880811282094,0.3082599863409996
Overall\4698_Outdoor_Scene_45.jpg,45,Outdoor,-2.28858874859791,0.484836146235466
Overall\4683_Outdoor_Scene_45.JPG,45,Outdoor,-2.0186312274720795,0.6769781708717346
Overall\4694_Outdoor_Scene_45.jpg,45,Outdoor,-2.06461182371285,0.24111981689929962
Overall\4687_Outdoor_Scene_45.jpg,45,Outdoor,-1.9604145814479328,0.8696923553943634
Overall\4729_Outdoor_Scene_45.jpg,45,Outdoor,-1.913834972760414,1.278094619512558
Overall\4682_Outdoor_Scene_45.jpg,45,Outdoor,-1.7415496070805647,0.7433119490742683
Overall\4680_Outdoor_Scene_45.jpg,45,Outdoor,-1.519057215023674,1.0752311050891876
Overall\4748_Outdoor_Scene_45.jpg,45,Outdoor,-1.453628489763031,1.1609119474887848
Overall\4692_Outdoor_Scene_45.JPG,45,Outdoor,-1.3769030789665335,1.0359511226415634
Overall\4726_Outdoor_Scene_45.jpg,45,Outdoor,-1.4050592964478883,0.7882085666060448
Overall\4715_Outdoor_Scene_45.JPG,45,Outdoor,-1.161552132949018,0.8555745035409927
Overall\4727_Outdoor_Scene_45.jpg,45,Outdoor,-1.155967617133549,0.9982421100139618
Overall\4732_Outdoor_Scene_45.jpg,45,Outdoor,-1.0780581753227032,1.1944605708122253
Overall\4717_Outdoor_Scene_45.JPG,45,Outdoor,-1.0161165444758302,0.934710904955864
Overall\4733_Outdoor_Scene_45.jpg,45,Outdoor,-0.800909243927297,1.1508539915084839
Overall\4693_Outdoor_Scene_45.jpg,45,Outdoor,-0.8295531306708135,1.6279266476631165
Overall\4744_Outdoor_Scene_45.jpg,45,Outdoor,-0.7739072870822392,0.8955832123756409
Overall\4710_Outdoor_Scene_45.jpg,45,Outdoor,-0.7506584803775576,1.2065092623233795
Overall\4741_Outdoor_Scene_45.jpg,45,Outdoor,-0.6126535128928561,1.150881439447403
Overall\4691_Outdoor_Scene_45.JPG,45,Outdoor,-0.4917040786335503,1.1907667815685272
Overall\4737_Outdoor_Scene_45.JPG,45,Outdoor,-0.4687414716106621,1.3642520308494568
Overall\4730_Outdoor_Scene_45.jpg,45,Outdoor,-0.4383773955091054,1.0842941403388977
Overall\4688_Outdoor_Scene_45.jpg,45,Outdoor,-0.461239409153564,1.0181054025888443
Overall\4740_Outdoor_Scene_45.jpg,45,Outdoor,-0.4318313830986436,0.8430572003126144
Overall\4750_Outdoor_Scene_45.jpg,45,Outdoor,-0.3860983120325998,0.35535555705428123
Overall\4728_Outdoor_Scene_45.jpg,45,Outdoor,-0.2552949036143903,1.1936898827552795
Overall\4703_Outdoor_Scene_45.jpg,45,Outdoor,-0.2867980814929883,1.2157553136348724
Overall\4684_Outdoor_Scene_45.JPG,45,Outdoor,-0.2719424809338638,1.026618018746376
Overall\4689_Outdoor_Scene_45.jpg,45,Outdoor,-0.2701648737820248,1.164343923330307
Overall\4731_Outdoor_Scene_45.jpg,45,Outdoor,-0.157069734741082,1.3474276959896088
Overall\4722_Outdoor_Scene_45.jpg,45,Outdoor,-0.1453434757130794,0.896860271692276
Overall\4752_Outdoor_Scene_45.jpg,45,Outdoor,-0.1822657558521496,1.1632429361343384
Overall\4747_Outdoor_Scene_45.jpg,45,Outdoor,-0.1084030455824816,0.9604935646057129
Overall\4753_Outdoor_Scene_45.jpg,45,Outdoor,-0.066319945400323,1.473655641078949
Overall\4695_Outdoor_Scene_45.jpg,45,Outdoor,-0.0017292133076182,1.3803540468215942
Overall\4720_Outdoor_Scene_45.jpg,45,Outdoor,0.0972635417698195,1.227117270231247
Overall\4719_Outdoor_Scene_45.jpg,45,Outdoor,0.1225675330305241,0.9937140345573425
Overall\4709_Outdoor_Scene_45.JPG,45,Outdoor,0.1283495330370629,1.2116211950778961
Overall\4707_Outdoor_Scene_45.jpg,45,Outdoor,0.1715590878563834,1.5287132263183594
Overall\4746_Outdoor_Scene_45.jpg,45,Outdoor,0.2720659070381014,1.0200748592615128
Overall\4699_Outdoor_Scene_45.jpg,45,Outdoor,0.3158951130644052,1.2452759444713593
Overall\4751_Outdoor_Scene_45.jpg,45,Outdoor,0.4500466086346041,1.6903373301029205
Overall\4696_Outdoor_Scene_45.jpg,45,Outdoor,0.4386158806777478,1.8630891740322113
Overall\4721_Outdoor_Scene_45.jpg,45,Outdoor,0.5028483935675766,1.3348868787288666
Overall\4677_Outdoor_Scene_45.JPG,45,Outdoor,0.5102601278590451,1.353030413389206
Overall\4678_Outdoor_Scene_45.JPG,45,Outdoor,0.5891539309670637,1.408625602722168
Overall\4723_Outdoor_Scene_45.jpg,45,Outdoor,0.6721422318009844,1.1710873246192932
Overall\4711_Outdoor_Scene_45.jpg,45,Outdoor,0.7245036414557408,1.2833656966686249
Overall\4716_Outdoor_Scene_45.JPG,45,Outdoor,0.7636519019125231,1.2136660814285278
Overall\4739_Outdoor_Scene_45.jpg,45,Outdoor,0.7792059345164312,1.355601280927658
Overall\4679_Outdoor_Scene_45.jpg,45,Outdoor,0.8149306981738318,1.4270268082618713
Overall\4743_Outdoor_Scene_45.jpg,45,Outdoor,0.8774751755751418,1.3374415636062622
Overall\4690_Outdoor_Scene_45.jpg,45,Outdoor,0.9524044104190592,1.3389698266983032
Overall\4704_Outdoor_Scene_45.jpg,45,Outdoor,1.0314984110377032,1.3151670396327972
Overall\4724_Outdoor_Scene_45.jpg,45,Outdoor,0.975071417738888,1.1714121103286743
Overall\4702_Outdoor_Scene_45.jpg,45,Outdoor,1.1393574143491303,1.312135249376297
Overall\4708_Outdoor_Scene_45.jpg,45,Outdoor,1.1038963934900647,1.508925437927246
Overall\4714_Outdoor_Scene_45.jpg,45,Outdoor,1.1874949725851467,1.3941912055015564
Overall\4676_Outdoor_Scene_45.JPG,45,Outdoor,1.1878433449838444,1.4006239473819733
Overall\4725_Outdoor_Scene_45.jpg,45,Outdoor,1.3048048010178128,1.464423418045044
Overall\4712_Outdoor_Scene_45.jpg,45,Outdoor,1.2526259615918771,1.3665323853492737
Overall\4736_Outdoor_Scene_45.jpg,45,Outdoor,1.4855659046563363,1.9422960877418518
Overall\4701_Outdoor_Scene_45.jpg,45,Outdoor,1.49371623398087,1.5863137543201447
Overall\4749_Outdoor_Scene_45.jpg,45,Outdoor,1.5374864642717805,1.559006929397583
Overall\4745_Outdoor_Scene_45.jpg,45,Outdoor,1.9075168164702991,1.736562579870224
Overall\4718_Outdoor_Scene_45.jpg,45,Outdoor,2.1098423931828183,1.5616804659366608
Overall\4685_Outdoor_Scene_45.jpg,45,Outdoor,2.174725385677293,1.9268129765987396
Overall\4706_Outdoor_Scene_45.jpg,45,Outdoor,2.240909513535309,1.672976166009903
Overall\4697_Outdoor_Scene_45.jpg,45,Outdoor,2.200989599571216,1.746916651725769
Overall\4686_Outdoor_Scene_45.jpg,45,Outdoor,2.5759946563562144,1.9215309917926788
Overall\4738_Outdoor_Scene_45.jpg,45,Outdoor,2.659146678391673,1.741927593946457
Overall\4700_Outdoor_Scene_45.jpg,45,Outdoor,2.7134892040900342,1.6172634065151215
Overall\4705_Outdoor_Scene_45.jpg,45,Outdoor,2.8797343522256043,2.0710574984550476
Overall\4811_Outdoor_Scene_46.JPG,46,Outdoor,-3.435623836907175,1.0548893362283707
Overall\4764_Outdoor_Scene_46.JPG,46,Outdoor,-3.014216049284718,1.1109182238578796
Overall\4818_Outdoor_Scene_46.jpg,46,Outdoor,-2.719307536231608,0.9599845334887505
Overall\4827_Outdoor_Scene_46.jpg,46,Outdoor,-2.605913334992662,1.106163963675499
Overall\4777_Outdoor_Scene_46.jpg,46,Outdoor,-2.273893516513777,1.290065437555313
Overall\4768_Outdoor_Scene_46.jpg,46,Outdoor,-2.156906110409905,1.50914266705513
Overall\4810_Outdoor_Scene_46.JPG,46,Outdoor,-1.9757368471215768,1.106274887919426
Overall\4773_Outdoor_Scene_46.JPG,46,Outdoor,-1.850046160519588,1.4311008751392365
Overall\4756_Outdoor_Scene_46.JPG,46,Outdoor,-1.7763080215592968,1.5404201745986938
Overall\4757_Outdoor_Scene_46.JPG,46,Outdoor,-1.625779558722591,1.5308257639408112
Overall\4793_Outdoor_Scene_46.JPG,46,Outdoor,-1.3790463454777633,1.4681887775659561
Overall\4758_Outdoor_Scene_46.jpg,46,Outdoor,-1.129258643781836,1.486021488904953
Overall\4816_Outdoor_Scene_46.jpg,46,Outdoor,-0.9675340944222668,1.45406873524189
Overall\4761_Outdoor_Scene_46.jpg,46,Outdoor,-0.9618649448507264,1.4951034486293793
Overall\4819_Outdoor_Scene_46.jpg,46,Outdoor,-0.948125114235726,1.4964724630117416
Overall\4803_Outdoor_Scene_46.jpg,46,Outdoor,-0.9052196912692912,1.7586252987384796
Overall\4817_Outdoor_Scene_46.jpg,46,Outdoor,-0.7195407864095196,1.5733961164951324
Overall\4808_Outdoor_Scene_46.jpg,46,Outdoor,-0.8444812570718165,1.4716143161058426
Overall\4813_Outdoor_Scene_46.jpeg,46,Outdoor,-1.0749644631414748,1.5819642543792725
Overall\4788_Outdoor_Scene_46.jpg,46,Outdoor,-0.7560880403246599,1.537150889635086
Overall\4786_Outdoor_Scene_46.jpg,46,Outdoor,-0.8062455500640598,1.6440381109714508
Overall\4820_Outdoor_Scene_46.jpg,46,Outdoor,-0.6241669892444729,1.4342465996742249
Overall\4794_Outdoor_Scene_46.JPG,46,Outdoor,-0.5220199362170737,1.3216005936264992
Overall\4782_Outdoor_Scene_46.jpg,46,Outdoor,-0.6106071394706885,1.752966195344925
Overall\4787_Outdoor_Scene_46.JPG,46,Outdoor,-0.5419144933566797,1.8823041319847107
Overall\4763_Outdoor_Scene_46.JPG,46,Outdoor,-0.5826436148542309,1.459755226969719
Overall\4789_Outdoor_Scene_46.jpg,46,Outdoor,-0.5736116844454263,1.6515533924102783
Overall\4807_Outdoor_Scene_46.jpg,46,Outdoor,-0.5430678082159515,1.7666296362876892
Overall\4754_Outdoor_Scene_46.jpg,46,Outdoor,-0.5370396624494147,1.560625970363617
Overall\4824_Outdoor_Scene_46.jpg,46,Outdoor,-0.5061086026952146,1.5454403758049011
Overall\4771_Outdoor_Scene_46.jpg,46,Outdoor,-0.428318112360204,1.6427041292190552
Overall\4804_Outdoor_Scene_46.jpg,46,Outdoor,-0.4250580707338986,1.9287296533584595
Overall\4784_Outdoor_Scene_46.jpg,46,Outdoor,-0.2474984972960164,1.5375708490610123
Overall\4778_Outdoor_Scene_46.jpg,46,Outdoor,-0.1600032630330269,1.792388916015625
Overall\4775_Outdoor_Scene_46.jpg,46,Outdoor,-0.0699053927888972,1.5639198869466782
Overall\4783_Outdoor_Scene_46.jpg,46,Outdoor,-0.0181991768472865,1.854133814573288
Overall\4802_Outdoor_Scene_46.jpg,46,Outdoor,0.0339917224277999,1.7690370380878448
Overall\4798_Outdoor_Scene_46.jpg,46,Outdoor,0.0455476931023603,2.008202940225601
Overall\4781_Outdoor_Scene_46.jpg,46,Outdoor,0.0182127585077272,1.661386638879776
Overall\4806_Outdoor_Scene_46.jpg,46,Outdoor,0.1449388535983223,1.609226256608963
Overall\4796_Outdoor_Scene_46.jpg,46,Outdoor,0.4170009727790965,1.8184563517570496
Overall\4797_Outdoor_Scene_46.jpg,46,Outdoor,0.1997483404315539,1.826066642999649
Overall\4795_Outdoor_Scene_46.JPG,46,Outdoor,0.1818912560732918,1.3906730711460114
Overall\4812_Outdoor_Scene_46.jpg,46,Outdoor,0.2482014291694562,1.5500098317861557
Overall\4792_Outdoor_Scene_46.JPG,46,Outdoor,0.1364522538032017,1.6449403762817383
Overall\4823_Outdoor_Scene_46.jpg,46,Outdoor,0.4654860112115246,1.857864648103714
Overall\4767_Outdoor_Scene_46.jpg,46,Outdoor,0.4902085878039713,1.8880105316638947
Overall\4799_Outdoor_Scene_46.jpg,46,Outdoor,0.5306313475662436,1.6009644269943237
Overall\4779_Outdoor_Scene_46.jpg,46,Outdoor,0.5571434895074026,1.8494724035263062
Overall\4755_Outdoor_Scene_46.JPG,46,Outdoor,0.3581479207420486,1.604829579591751
Overall\4805_Outdoor_Scene_46.jpg,46,Outdoor,0.7088102975142229,1.9457567036151886
Overall\4766_Outdoor_Scene_46.jpg,46,Outdoor,0.7452158498106922,1.6879877150058746
Overall\4765_Outdoor_Scene_46.jpg,46,Outdoor,0.7275415679153616,1.615970253944397
Overall\4809_Outdoor_Scene_46.jpg,46,Outdoor,0.8968457892755428,1.8949004113674164
Overall\4762_Outdoor_Scene_46.jpg,46,Outdoor,0.9021908496950806,1.6511606276035309
Overall\4825_Outdoor_Scene_46.jpg,46,Outdoor,1.0465149016964106,1.7572686672210693
Overall\4785_Outdoor_Scene_46.jpg,46,Outdoor,1.0392124781678211,1.8575143814086914
Overall\4772_Outdoor_Scene_46.jpg,46,Outdoor,1.1178789143392458,1.833548367023468
Overall\4790_Outdoor_Scene_46.jpg,46,Outdoor,1.1317273044922531,1.7559648752212524
Overall\4780_Outdoor_Scene_46.jpg,46,Outdoor,1.178157421613648,1.8243587911128998
Overall\4800_Outdoor_Scene_46.jpg,46,Outdoor,1.3518041470677964,1.7485603094100952
Overall\4759_Outdoor_Scene_46.jpg,46,Outdoor,1.362992404838054,1.8108800947666168
Overall\4826_Outdoor_Scene_46.jpg,46,Outdoor,1.5039654550433552,1.6124622225761414
Overall\4776_Outdoor_Scene_46.jpg,46,Outdoor,1.553706759133607,1.8762080073356628
Overall\4791_Outdoor_Scene_46.jpg,46,Outdoor,1.821532423127469,1.8466774225234985
Overall\4760_Outdoor_Scene_46.jpg,46,Outdoor,1.814634227256644,2.0351641178131104
Overall\4814_Outdoor_Scene_46.jpeg,46,Outdoor,2.1226342574106543,1.8628917336463928
Overall\4769_Outdoor_Scene_46.jpg,46,Outdoor,1.9259765962596207,1.7565440237522125
Overall\4815_Outdoor_Scene_46.jpg,46,Outdoor,2.125881586218613,1.9315464794635773
Overall\4774_Outdoor_Scene_46.jpg,46,Outdoor,2.217404988302183,1.82271009683609
Overall\4822_Outdoor_Scene_46.jpg,46,Outdoor,2.1911734598548107,1.7296184301376343
Overall\4801_Outdoor_Scene_46.jpg,46,Outdoor,2.14794814255044,1.7424713671207428
Overall\4770_Outdoor_Scene_46.jpg,46,Outdoor,2.1836852497632315,1.760096937417984
Overall\4821_Outdoor_Scene_46.jpg,46,Outdoor,2.6712246392497643,1.6863998174667358
